technology_or_capability,planning_need,documented_domestic_evidence,evidence_level,critical_import_dependency,bottleneck,learning_opportunity,relevant_actors,source,data_gap,claim_status
Transformadores y equipamiento de alta tensión,renovar y ampliar nodos 500/330/220 kV,fabricación declarada de transformadores de potencia hasta 500 kV; capacidades nacionales de calibración y ensayo,DEMONSTRATED,"materiales especiales, cambiadores, aislación y componentes no auditados",falta censo de capacidad productiva y referencias verificadas activo por activo,"calificación, ensayos y mantenimiento avanzado",industria; INTI; transportistas; universidades,Faraday 2026; INTI 2025,contenido local y cuellos de suministro,BOUNDED_VERIFIED
"Conductores, torres, protecciones y servicios de ingeniería",refuerzos y repotenciación de corredores,fabricación declarada de conductores aéreos para transmisión hasta 500 kV; ingeniería y construcción AT documentada,DEMONSTRATED_PARTIAL,"herrajes, aisladores, acero y protección digital no reconciliados",torres y protecciones requieren evidencia adicional,"reconductoring, ensayos y diseño de corredor",industria; transportistas; INTI; ingeniería,IMSA 2022; IMPSA 2026,censo por componente y norma,PARTIAL
Electrónica de potencia,"integrar renovables, calidad y control de tensión","grupos CONICET-universidad declaran investigación en convertidores, control y redes inteligentes",R_AND_D_DEMONSTRATED,semiconductores de potencia y escala fabril no verificados,"brecha entre prototipo, certificación y producción","pilotos de convertidores, protección y calidad",CONICET; universidades; INTI; industria,CONICET-UNSJ 2026; CONICET-UNaM 2026,madurez tecnológica y transferencia,PARTIAL
Integración y control de almacenamiento,suavizar rampas y desplazar demanda,INTI documenta ensayos y asistencia en baterías; IEE CONICET-UNSJ declara líneas de almacenamiento y microrredes,R_AND_D_AND_TESTING,"celdas, BMS de escala de red e integración EMS no verificados",no hay inventario nacional de proyectos operativos comparable,"protocolos, seguridad, control y demostradores",INTI; CONICET; universidades; CAMMESA; distribuidores,INTI 2026; CONICET-UNSJ 2026,datos de desempeño y seguridad,PARTIAL
"Pronóstico, software, SCADA y ciberseguridad",operar un sistema más variable y observable,CAMMESA opera SCADA/EMS y protocolos SOTR; existe estrategia nacional de ciberseguridad,OPERATING_CAPABILITY_WITH_GAP,"hardware, licencias y proveedores críticos no auditados",no se verificó capacidad doméstica completa de producto ni postura OT sectorial,"pronóstico abierto, interoperabilidad, simuladores y seguridad OT",CAMMESA; agentes; universidades; organismos de ciberseguridad,CAMMESA 2026; JGM 2023,"inventario OT, incidentes y dependencia de proveedores",PARTIAL
Modernización hidráulica,recuperar disponibilidad y flexibilidad sin confundir agua con capacidad,"IMPSA documenta modernizaciones, rehabilitaciones, repotenciaciones, automatización y O&M hidro",DEMONSTRATED,componentes especializados y cartera de referencias no auditados,priorización requiere diagnóstico por unidad,"rehabilitación, control, protección y pronóstico",operadores; industria; universidades; autoridades hídricas,IMPSA Hydro 2026,estado de unidades y restricciones hidráulicas,BOUNDED_VERIFIED
Operación y mantenimiento eólico/solar,sostener disponibilidad de una flota creciente,la operación de parques registrados y los laboratorios INTI prueban capacidad de ensayo y asistencia; no se infiere integración local,OPERATING_AND_TESTING_PARTIAL,"repuestos de aerogeneradores, inversores y módulos",faltan métricas públicas de disponibilidad y tiempos de reparación,"formación, inspección, diagnóstico y repuestos",generadores; INTI; universidades; proveedores,CAMMESA 2026; INTI 2026,KPIs de O&M y origen de repuestos,PARTIAL
Componentes y servicios de cadenas eólica y solar,capturar aprendizaje industrial sin bloquear despliegue,INTI dispone de laboratorios solar y eólico y gestiona REPROER; hay servicios de ingeniería documentados,TESTING_AND_SERVICES_DEMONSTRATED,"módulos, celdas, electrónica y grandes componentes no verificados como producción local",registro no equivale a capacidad competitiva ni a contenido estable,"metrología, certificación, estructuras, cables y servicios",INTI; industria; universidades; generadores,INTI Renovables 2026,"capacidad, calidad y escala por componente",PARTIAL
Capacidades nucleares y de investigación,preservar generación firme y conocimiento de ciclo largo,"operación de tres centrales, centros atómicos, combustible y componentes, más proyectos de investigación documentados",DEMONSTRATED_SYSTEMIC,equipos y servicios importados específicos no cuantificados,"necesidad de separar operación, combustible, ingeniería, fabricación e I+D","extensión de vida, formación, combustibles, materiales y control",CNEA; Nucleoeléctrica; CONUAR; INVAP; universidades,CNEA/INAP 2023; Nucleoeléctrica 2026,dependencias críticas y renovación de capacidades,BOUNDED_VERIFIED
