implication_id,phenomenon,evidence,plain_meaning,risk_or_opportunity,decision_variable,possible_action_family,responsible_actors,horizon,missing_data,confidence,source_claim_id
IMP01,La punta crece más rápido que la energía,"Demanda local +6,2 % y punta instantánea +15,0 % entre 2018 y 2025",La exigencia de capacidad y flexibilidad crece aunque el volumen anual cambie menos,rigidez operativa y oportunidad de gestión de punta,forma y horario de la demanda,gestión de demanda; medición subhoraria; recursos flexibles,CAMMESA; distribuidores; grandes usuarios; reguladores,corto/medio,elasticidad horaria y respuesta de usuarios,HIGH,C03_PEAK
IMP02,Expansión renovable lejos de grandes centros de carga,"Chubut y otras provincias exportan un equivalente energético mientras Buenos Aires + CABA concentra 49,0 % de la demanda",La geografía de generación y consumo no coincide,oportunidad renovable condicionada por red,capacidad de evacuación y localización,planificación de transmisión; datos nodales; coordinación territorial,Secretaría de Energía; CAMMESA; transportistas; provincias,medio/largo,capacidad y flujo por corredor,MEDIUM,C07_TERRITORY
IMP03,Caída hidráulica y exposición a años secos,"Gran hidráulica -9,807 TWh; Yacyretá y Comahue explican gran parte del cambio",El agua no es una base constante y su asignación binacional importa,riesgo hidrológico y oportunidad de modernización,pronóstico hidrológico; disponibilidad; coordinación de embalses,modernización; datos hidrológicos trazables; escenarios secos,operadores; autoridades de cuenca; CAMMESA,corto/largo,"aportes, restricciones y despacho horario",HIGH,C05_HYDRO
IMP04,"Intercambios pequeños en el año, útiles en horas críticas","Comercio bruto 3,41 % y saldo neto 2,69 % de la demanda local en 2025",El peso anual no mide el valor operativo de una interconexión,respaldo regional con dependencia acotada,disponibilidad horaria de interconexiones,coordinación operativa y transparencia de disponibilidad,CAMMESA; operadores vecinos; Secretaría de Energía,corto,capacidad disponible y precios quedan fuera,MEDIUM,C08_TRADE
IMP05,RenovAr y MATER coexisten,"En 2025 aportan 11,344 y 10,741 TWh respectivamente",La expansión surgió de instrumentos distintos y complementarios,diversidad de canales de incorporación,reglas de acceso y atribución por programa,preservar trazabilidad de proyectos y generación,Secretaría de Energía; CAMMESA; generadores; grandes usuarios,corto/medio,serie por proyecto y cambios de etiqueta,HIGH,C04_PROGRAMS
IMP06,"Menor generación térmica, potencia y flexibilidad aún necesarias","Térmica -12,502 TWh; 58,53 % de la carga en las 100 horas de mayor demanda",Menos energía térmica no equivale a prescindir de respuesta gestionable,reducción de emisiones con desafío de suficiencia,"disponibilidad, rampas y servicios complementarios","medir atributos; coordinar renovables, demanda, hidro y almacenamiento",CAMMESA; generadores; reguladores,corto/medio,servicios complementarios y indisponibilidades,HIGH,C06_THERMAL
IMP07,Concentración de demanda,"Buenos Aires + CABA representa 49,0 % de la demanda provincial publicada de 2025",Un problema nacional tiene un centro de gravedad territorial,concentración de riesgo y escala de intervención,calidad y punta nodal en el área de carga,medición y refuerzos con lectura federal,distribuidores; CAMMESA; provincias; reguladores,corto/medio,separación CABA/provincia y nivel nodal,HIGH,C07_CONCENTRATION
IMP08,"Separar infraestructura, operación y capacidad",Los mapas 2026 muestran activos; no contienen flujos ni disponibilidad 2025,Una línea dibujada no prueba margen de transporte,evitar diagnósticos falsos,vintage y clase de evidencia,"publicar capacidad, flujo y estado con identidad de activo",CAMMESA; transportistas; Secretaría de Energía,corto,series horarias por activo,HIGH,C02_BOUNDARIES
IMP09,Datos nodales y subhorarios,"La evidencia pública permite balances horarios agregados, pero no congestión ni recorte por nodo",Las decisiones finas requieren datos más finos,aprendizaje institucional,resolución espacial y temporal,diccionario nodal; IDs persistentes; recortes; reservas; calidad,CAMMESA; reguladores; distribuidores; academia,corto,datos de red y demanda con documentación,HIGH,C11_DATA
