reference_id,autor_o_institucion,titulo_real,anio,tipo,url_oficial_o_doi,fecha_consulta,afirmaciones_que_sostiene,limite_de_uso,disponibilidad_local,sha256_local,estado
AlmaMDI2024,AlmaMDI,Nodos del sistema — corte 30 de enero de 2024,2024,Planilla técnica adjunta,,NOT_APPLICABLE,inventario nodal adjunto y cobertura geográfica,campos sin diccionario y coincidencias nodales incompletas,sin copia local en el release,NOT_APPLICABLE,PASS_WITH_LIMITATION
Ang2005,"Ang, B. W.",The LMDI approach to decomposition analysis: a practical guide,2005,"Energy Policy, 33(7), 867–871",https://doi.org/10.1016/j.enpol.2003.10.010,2026-08-18,fundamento metodológico para descomposición o inferencia econométrica,"la validez empírica sigue condicionada a datos, frontera y supuestos",sin copia local en el release,NOT_APPLICABLE,PASS
Argentina2006,Argentina,Ley 26.190 — Régimen de fomento nacional para el uso de fuentes renovables,2006,InfoLEG,https://servicios.infoleg.gob.ar/infolegInternet/anexos/120000-124999/123565/norma.htm,2026-08-18,marco normativo y rutas institucionales de incorporación renovable,usar sólo para la afirmación y frontera registradas,sin copia local en el release,NOT_APPLICABLE,PASS
Argentina2015,Argentina,Ley 27.191 — Modificación del régimen de fomento de fuentes renovables,2015,InfoLEG,https://servicios.infoleg.gob.ar/infolegInternet/anexos/250000-254999/253626/norma.htm,2026-08-18,marco normativo y rutas institucionales de incorporación renovable,usar sólo para la afirmación y frontera registradas,sin copia local en el release,NOT_APPLICABLE,PASS
Argentina2016,Argentina,Decreto 531/2016 — Reglamentación de la Ley 27.191,2016,Boletín Oficial,https://www.boletinoficial.gob.ar/detalleAviso/primera/142740/20160331,2026-08-18,marco normativo y rutas institucionales de incorporación renovable,usar sólo para la afirmación y frontera registradas,sin copia local en el release,NOT_APPLICABLE,PASS
BancoMundial2026,Banco Mundial,"World Development Indicators: Population, total (SP.POP.TOTL)",2026,Actualización del 13 de julio de 2026,https://data.worldbank.org/indicator/SP.POP.TOTL,2026-08-18,denominador poblacional 2025 para métricas regionales per cápita,does not control economic structure or climate,sources/world_bank_population_2025.json,841760e1cbb07cc7ed1169cb57628f2ff31b1e02964eb7f9e954eb18306d3619,PASS
CAMMESA2026a,CAMMESA,Estadísticas anuales 2005–2025,2026a,"Balance, potencia, combustibles y emisiones",https://cammesaweb.cammesa.com/estadistica/,2026-08-18,"balances, operación, renovables, hidráulica, intercambios o topología del SADI, según la obra",la frontera depende de la base y del vintage; topología no equivale a flujo,sin copia local en el release,NOT_APPLICABLE,PASS
CAMMESA2026b,CAMMESA,Bases mensuales y demanda provincial horaria,2026b,Corte junio de 2026,https://cammesaweb.cammesa.com/estadistica/,2026-08-18,"balances, operación, renovables, hidráulica, intercambios o topología del SADI, según la obra",la frontera depende de la base y del vintage; topología no equivale a flujo,sin copia local en el release,NOT_APPLICABLE,PASS
CAMMESA2026c,CAMMESA,Oferta y operación horaria 2023–2025,2026c,Corte junio de 2026,https://cammesaweb.cammesa.com/estadistica/,2026-08-18,"balances, operación, renovables, hidráulica, intercambios o topología del SADI, según la obra",la frontera depende de la base y del vintage; topología no equivale a flujo,sin copia local en el release,NOT_APPLICABLE,PASS
CAMMESA2026d,CAMMESA,Base de energías renovables,2026d,Corte junio de 2026,https://cammesaweb.cammesa.com/energias-renovables/,2026-08-18,"balances, operación, renovables, hidráulica, intercambios o topología del SADI, según la obra",la frontera depende de la base y del vintage; topología no equivale a flujo,sin copia local en el release,NOT_APPLICABLE,PASS
CAMMESA2026e,CAMMESA,"Hidráulica, cotas, disponibilidad y generación",2026e,Bases operativas y anuario,https://cammesaweb.cammesa.com/estadistica/,2026-08-18,"balances, operación, renovables, hidráulica, intercambios o topología del SADI, según la obra",la frontera depende de la base y del vintage; topología no equivale a flujo,sin copia local en el release,NOT_APPLICABLE,PASS
CAMMESA2026f,CAMMESA,Geografía del SADI y diagramas unifilares regionales,2026f,Edición agosto de 2026,https://cammesaweb.cammesa.com/geografia-del-sadi/,2026-08-18,"balances, operación, renovables, hidráulica, intercambios o topología del SADI, según la obra",not digitized as flow,network/raw_official/GEOSADI2026_08(1).pdf,506f2392268044c2ada2c440fe9d3eee6f778757933d66f372e39c6c0b666c65,PASS
CAMMESA2026g,CAMMESA,Intercambios internacionales de energía eléctrica,2026g,Series anuales y horarias,https://cammesaweb.cammesa.com/estadistica/,2026-08-18,"balances, operación, renovables, hidráulica, intercambios o topología del SADI, según la obra",la frontera depende de la base y del vintage; topología no equivale a flujo,sin copia local en el release,NOT_APPLICABLE,PASS
CAMMESA2026h,CAMMESA,Sistema de Operación en Tiempo Real — SOTR,2026h,Descripción institucional,https://cammesaweb.cammesa.com/inicio-sotr/,2026-08-18,"balances, operación, renovables, hidráulica, intercambios o topología del SADI, según la obra",does not disclose full vendor dependency,sin copia local en el release,NOT_APPLICABLE,PASS
CNEA2026,CNEA,Energía nuclear y capacidades tecnológicas argentinas,2026,Comisión Nacional de Energía Atómica,https://www.argentina.gob.ar/cnea,2026-08-18,evidencia primaria de existencia de capacidades tecnológicas,not a component-level industrial census,sin copia local en el release,NOT_APPLICABLE,PASS
Ember2026,Ember,Yearly Electricity Data,2026,Serie armonizada distribuida por Our World in Data,https://ember-energy.org/data/yearly-electricity-data/,2026-08-18,trayectoria eléctrica regional armonizada 2018–2025,armonización comparable con menor detalle que los cierres nacionales,sin copia local en el release,NOT_APPLICABLE,PASS
Faraday2026,Faraday,Transformadores de potencia y distribución,2026,Información técnica del fabricante,https://www.faradaysa.com.ar/,2026-08-18,evidencia primaria de existencia de capacidades tecnológicas,"la fuente primaria prueba existencia, no escala, integración completa ni competitividad",sin copia local en el release,NOT_APPLICABLE,PASS
IGN2026a,IGN,"Capas SIG: límites, centrales de energía y cartografía oficial",2026a,Instituto Geográfico Nacional,https://www.ign.gob.ar/NuestrasActividades/InformacionGeoespacial/CapasSIG,2026-08-18,"límites, localización de activos y fondo cartográfico oficial",not a complete electrical model,network/raw_official/ign_transformadores.zip,040a0cd70b6151c6bb93b83baa2146168362ceb0c74a52b6c57d73e7248dd440,PASS
IGN2026b,IGN,Servicios OGC y Argenmap Topo,2026b,Instituto Geográfico Nacional,https://www.ign.gob.ar/NuestrasActividades/InformacionGeoespacial/ServiciosOGC,2026-08-18,"límites, localización de activos y fondo cartográfico oficial",zoom-5 visual context only,network/processed/argenmap_topo_z5_mosaic.png,4a259ca088e29770102074fba653af18866bb95f16271ea0326dbd2684f38a51,PASS
IMPSA2026,IMPSA,Hydro y sistemas de transmisión,2026,Información técnica institucional,https://www.impsa.com/productos/hydro/,2026-08-18,evidencia primaria de existencia de capacidades tecnológicas,company statement not an independent census,sin copia local en el release,NOT_APPLICABLE,PASS
IMSA2026,IMSA,Conductores para instalación aérea,2026,Información técnica del fabricante,https://imsa.com.ar/cables-para-instalacion-aerea/,2026-08-18,evidencia primaria de existencia de capacidades tecnológicas,"la fuente primaria prueba existencia, no escala, integración completa ni competitividad",sin copia local en el release,NOT_APPLICABLE,PASS
INTI2026,INTI,Servicios tecnológicos para energías renovables,2026,Instituto Nacional de Tecnología Industrial,https://www.argentina.gob.ar/inti/servicios-inti/energias-renovables,2026-08-18,evidencia primaria de existencia de capacidades tecnológicas,existence does not establish industrial scale,sin copia local en el release,NOT_APPLICABLE,PASS
Kleibergen2006,"Kleibergen, F. y Paap, R.",Generalized reduced rank tests using the singular value decomposition,2006,"Journal of Econometrics, 133(1), 97–126",https://doi.org/10.1016/j.jeconom.2005.02.011,2026-08-18,fundamento metodológico para descomposición o inferencia econométrica,"la validez empírica sigue condicionada a datos, frontera y supuestos",sin copia local en el release,NOT_APPLICABLE,PASS
NASAPOWER2026,NASA POWER,Hourly meteorological data,2026,Prediction of Worldwide Energy Resources,https://power.larc.nasa.gov/,2026-08-18,controles meteorológicos horarios,usar sólo para la afirmación y frontera registradas,sin copia local en el release,NOT_APPLICABLE,PASS
Newey1987,"Newey, W. K. y West, K. D.","A simple, positive semi-definite, heteroskedasticity and autocorrelation consistent covariance matrix",1987,"Econometrica, 55(3), 703–708",https://doi.org/10.2307/1913610,2026-08-18,fundamento metodológico para descomposición o inferencia econométrica,"la validez empírica sigue condicionada a datos, frontera y supuestos",sin copia local en el release,NOT_APPLICABLE,PASS
Sanderson2016,"Sanderson, E. y Windmeijer, F.",A weak instrument F-test in linear IV models with multiple endogenous variables,2016,"Journal of Econometrics, 190(2), 212–221",https://doi.org/10.1016/j.jeconom.2015.06.004,2026-08-18,fundamento metodológico para descomposición o inferencia econométrica,"la validez empírica sigue condicionada a datos, frontera y supuestos",sin copia local en el release,NOT_APPLICABLE,PASS
SecretariadeEnergi2017,Secretaría de Energía,Resolución 281-E/2017 — Mercado a Término de Energía Eléctrica de Fuente Renovable,2017,Boletín Oficial,https://www.boletinoficial.gob.ar/detalleAviso/primera/169939/20170822,2026-08-18,marco normativo y rutas institucionales de incorporación renovable,usar sólo para la afirmación y frontera registradas,sin copia local en el release,NOT_APPLICABLE,PASS
SecretariadeEnergi2026a,Secretaría de Energía,Transporte eléctrico de alta tensión — líneas,2026a,Datos Argentina; actualización 2026,https://datos.gob.ar/dataset/energia-transporte-electrico-at-lineas,2026-08-18,geometría y atributos publicados de líneas o estaciones,no flows capacity margins or operating status,network/raw_official/transporte_lineas.zip,1aa0e1cf22bb1d80be4961193ad01da57ca757ae474c53a2a5ca42fb0ef433e3,PASS
SecretariadeEnergi2026b,Secretaría de Energía,Transporte eléctrico — estaciones transformadoras,2026b,Datos Argentina; actualización 2026,https://datos.gob.ar/dataset/energia,2026-08-18,geometría y atributos publicados de líneas o estaciones,75-record resource lacks power and is not used for capacity,network/raw_official/centrales.zip,230ca3a5a2fa2c118fbae960a240dad249a579c66027da30dbcd8dadb55bd4,PASS
SecretariadeInnova2023,Secretaría de Innovación Pública,Segunda Estrategia Nacional de Ciberseguridad,2023,Normativa nacional,https://www.argentina.gob.ar/jefatura/innovacion-publica/direccion-nacional-ciberseguridad/normativa,2026-08-18,marco institucional de ciberseguridad,not an electricity-sector OT audit,sin copia local en el release,NOT_APPLICABLE,PASS
