alma_id,alma_name,alma_voltage_kv,official_station,official_station_id,distance_km,name_similarity,match_status,interpretation_limit
310.0,MALAVER,132,RODRIGUEZ,RD,34.62,0.125,NO_CONFIDENT_MATCH,"Control de identidad; no valida potencia, limitaciones ni estado operativo"
338.0,MUNRO,132,RODRIGUEZ,RD,37.465,0.286,NO_CONFIDENT_MATCH,"Control de identidad; no valida potencia, limitaciones ni estado operativo"
5035.0,TECNOPOLIS,132,RODRIGUEZ,RD,38.317,0.105,NO_CONFIDENT_MATCH,"Control de identidad; no valida potencia, limitaciones ni estado operativo"
130.0,COGHLAN,132,RODRIGUEZ,RD,40.907,0.25,NO_CONFIDENT_MATCH,"Control de identidad; no valida potencia, limitaciones ni estado operativo"
327.0,MIGUELETES,132,RODRIGUEZ,RD,37.402,0.421,NO_CONFIDENT_MATCH,"Control de identidad; no valida potencia, limitaciones ni estado operativo"
9.0,AGRONOMÍA,132,RODRIGUEZ,RD,40.763,0.333,NO_CONFIDENT_MATCH,"Control de identidad; no valida potencia, limitaciones ni estado operativo"
124.0,CIUDADELA ,132,EZEIZA,EZ,35.95,0.267,NO_CONFIDENT_MATCH,"Control de identidad; no valida potencia, limitaciones ni estado operativo"
504.0,S. RITA,132,EZEIZA,EZ,40.008,0.333,NO_CONFIDENT_MATCH,"Control de identidad; no valida potencia, limitaciones ni estado operativo"
2773.0,URQUIZA,132,RODRIGUEZ,RD,41.415,0.25,NO_CONFIDENT_MATCH,"Control de identidad; no valida potencia, limitaciones ni estado operativo"
623.0,AUSTRIA,132,EZEIZA,EZ,46.409,0.154,NO_CONFIDENT_MATCH,"Control de identidad; no valida potencia, limitaciones ni estado operativo"
2613.0,SUAREZ,132,RODRIGUEZ,RD,33.354,0.4,NO_CONFIDENT_MATCH,"Control de identidad; no valida potencia, limitaciones ni estado operativo"
559.0,V. ADELINA,132,RODRIGUEZ,RD,35.578,0.222,NO_CONFIDENT_MATCH,"Control de identidad; no valida potencia, limitaciones ni estado operativo"
131.0,COLEGIALES,132,RODRIGUEZ,RD,44.996,0.211,NO_CONFIDENT_MATCH,"Control de identidad; no valida potencia, limitaciones ni estado operativo"
226.0,GÜEMES,132,EZEIZA,EZ,45.939,0.333,NO_CONFIDENT_MATCH,"Control de identidad; no valida potencia, limitaciones ni estado operativo"
325.0,MELO ,132,RODRIGUEZ,RD,23.087,0.154,NO_CONFIDENT_MATCH,"Control de identidad; no valida potencia, limitaciones ni estado operativo"
1154.0,VIDAL,132,RODRIGUEZ,RD,43.309,0.143,NO_CONFIDENT_MATCH,"Control de identidad; no valida potencia, limitaciones ni estado operativo"
4133.0,SAAVEDRA,132,RODRIGUEZ,RD,41.813,0.235,NO_CONFIDENT_MATCH,"Control de identidad; no valida potencia, limitaciones ni estado operativo"
421.0,PUERTO NUEVO,132,ABASTO,AB,47.73,0.222,NO_CONFIDENT_MATCH,"Control de identidad; no valida potencia, limitaciones ni estado operativo"
336.0,MORON,132,RODRIGUEZ,RD,24.927,0.286,NO_CONFIDENT_MATCH,"Control de identidad; no valida potencia, limitaciones ni estado operativo"
93.0,CASEROS,132,RODRIGUEZ,RD,34.717,0.25,NO_CONFIDENT_MATCH,"Control de identidad; no valida potencia, limitaciones ni estado operativo"
96.0,CASTELAR,132,RODRIGUEZ,RD,30.889,0.118,NO_CONFIDENT_MATCH,"Control de identidad; no valida potencia, limitaciones ni estado operativo"
5496.0,ARA SAN JUAN,132,RODRIGUEZ,RD,21.395,0.19,NO_CONFIDENT_MATCH,"Control de identidad; no valida potencia, limitaciones ni estado operativo"
346.0,NOGUES,132,RODRIGUEZ,RD,18.994,0.533,NO_CONFIDENT_MATCH,"Control de identidad; no valida potencia, limitaciones ni estado operativo"
5003.0,JOSE C PAZ,132,RODRIGUEZ,RD,12.796,0.316,NO_CONFIDENT_MATCH,"Control de identidad; no valida potencia, limitaciones ni estado operativo"
431.0,R. MEJÍA,132,EZEIZA,EZ,33.799,0.462,NO_CONFIDENT_MATCH,"Control de identidad; no valida potencia, limitaciones ni estado operativo"
630.0,SEVEL,132,RODRIGUEZ,RD,32.846,0.143,NO_CONFIDENT_MATCH,"Control de identidad; no valida potencia, limitaciones ni estado operativo"
1153.0,MUÑIZ,132,RODRIGUEZ,RD,18.078,0.286,NO_CONFIDENT_MATCH,"Control de identidad; no valida potencia, limitaciones ni estado operativo"
528.0,TALAR,132,RODRIGUEZ,RD,25.743,0.143,NO_CONFIDENT_MATCH,"Control de identidad; no valida potencia, limitaciones ni estado operativo"
41.0,BANCALARI,132,RODRIGUEZ,RD,29.255,0.222,NO_CONFIDENT_MATCH,"Control de identidad; no valida potencia, limitaciones ni estado operativo"
57.0,BOULOGNE,132,RODRIGUEZ,RD,33.979,0.353,NO_CONFIDENT_MATCH,"Control de identidad; no valida potencia, limitaciones ni estado operativo"
168.0,EDISON,132,RODRIGUEZ,RD,38.318,0.133,NO_CONFIDENT_MATCH,"Control de identidad; no valida potencia, limitaciones ni estado operativo"
352.0,NUEVO PUERTO,132,ABASTO,AB,48.473,0.222,NO_CONFIDENT_MATCH,"Control de identidad; no valida potencia, limitaciones ni estado operativo"
477.0,SAN ISIDRO,132,RODRIGUEZ,RD,38.882,0.211,NO_CONFIDENT_MATCH,"Control de identidad; no valida potencia, limitaciones ni estado operativo"
535.0,TIGRE,132,RODRIGUEZ,RD,33.999,0.429,NO_CONFIDENT_MATCH,"Control de identidad; no valida potencia, limitaciones ni estado operativo"
557.0,VICTORIA,132,RODRIGUEZ,RD,35.99,0.353,NO_CONFIDENT_MATCH,"Control de identidad; no valida potencia, limitaciones ni estado operativo"
2014.0,SAN FERNANDO,132,RODRIGUEZ,RD,31.927,0.095,NO_CONFIDENT_MATCH,"Control de identidad; no valida potencia, limitaciones ni estado operativo"
4373.0,NORDELTA,132,RODRIGUEZ,RD,30.886,0.353,NO_CONFIDENT_MATCH,"Control de identidad; no valida potencia, limitaciones ni estado operativo"
555.0,V. LOPEZ,132,RODRIGUEZ,RD,40.658,0.375,NO_CONFIDENT_MATCH,"Control de identidad; no valida potencia, limitaciones ni estado operativo"
286.0,LIBERTADOR,132,RODRIGUEZ,RD,44.186,0.211,NO_CONFIDENT_MATCH,"Control de identidad; no valida potencia, limitaciones ni estado operativo"
4856.0,ANIVERSARIO,132,RODRIGUEZ,RD,42.791,0.3,NO_CONFIDENT_MATCH,"Control de identidad; no valida potencia, limitaciones ni estado operativo"
5211.0,AGUAS,132,RODRIGUEZ,RD,45.616,0.286,NO_CONFIDENT_MATCH,"Control de identidad; no valida potencia, limitaciones ni estado operativo"
319.0,MATHEU,132,RODRIGUEZ,RD,17.56,0.133,NO_CONFIDENT_MATCH,"Control de identidad; no valida potencia, limitaciones ni estado operativo"
652.0,MASCHWITZ,132,RODRIGUEZ,RD,23.652,0.222,NO_CONFIDENT_MATCH,"Control de identidad; no valida potencia, limitaciones ni estado operativo"
54.0,BENAVIDEZ,132,RODRIGUEZ,RD,22.868,0.333,NO_CONFIDENT_MATCH,"Control de identidad; no valida potencia, limitaciones ni estado operativo"
200.0,FORD,132,RODRIGUEZ,RD,23.163,0.308,NO_CONFIDENT_MATCH,"Control de identidad; no valida potencia, limitaciones ni estado operativo"
153.0,DEL VISO,132,RODRIGUEZ,RD,15.597,0.235,NO_CONFIDENT_MATCH,"Control de identidad; no valida potencia, limitaciones ni estado operativo"
492.0,SAN MIGUEL,132,RODRIGUEZ,RD,15.328,0.421,NO_CONFIDENT_MATCH,"Control de identidad; no valida potencia, limitaciones ni estado operativo"
2053.0,TORTUGUITAS,132,RODRIGUEZ,RD,18.881,0.4,NO_CONFIDENT_MATCH,"Control de identidad; no valida potencia, limitaciones ni estado operativo"
5003.0,J.C PAZ,132,RODRIGUEZ,RD,12.796,0.125,NO_CONFIDENT_MATCH,"Control de identidad; no valida potencia, limitaciones ni estado operativo"
273.0,CATONAS,132,RODRIGUEZ,RD,18.568,0.125,NO_CONFIDENT_MATCH,"Control de identidad; no valida potencia, limitaciones ni estado operativo"
312.0,MALVINAS,132,RODRIGUEZ,RD,5.166,0.118,NO_CONFIDENT_MATCH,"Control de identidad; no valida potencia, limitaciones ni estado operativo"
400.0,PILAR,132,RODRIGUEZ,RD,12.776,0.143,NO_CONFIDENT_MATCH,"Control de identidad; no valida potencia, limitaciones ni estado operativo"
753.0,DERQUI,132,RODRIGUEZ,RD,11.234,0.267,NO_CONFIDENT_MATCH,"Control de identidad; no valida potencia, limitaciones ni estado operativo"
2673.0,MANZONE,132,RODRIGUEZ,RD,7.751,0.125,NO_CONFIDENT_MATCH,"Control de identidad; no valida potencia, limitaciones ni estado operativo"
4855.0,PARQUE,132,RODRIGUEZ,RD,14.918,0.4,NO_CONFIDENT_MATCH,"Control de identidad; no valida potencia, limitaciones ni estado operativo"
55.0,BLANCO,132,ABASTO,AB,44.916,0.5,NO_CONFIDENT_MATCH,"Control de identidad; no valida potencia, limitaciones ni estado operativo"
239.0,INDEPENDENCIA,132,EZEIZA,EZ,43.112,0.211,NO_CONFIDENT_MATCH,"Control de identidad; no valida potencia, limitaciones ni estado operativo"
356.0,ONCE,132,EZEIZA,EZ,45.118,0.2,NO_CONFIDENT_MATCH,"Control de identidad; no valida potencia, limitaciones ni estado operativo"
387.0,PELLEGRINI,132,ABASTO,AB,44.714,0.0,NO_CONFIDENT_MATCH,"Control de identidad; no valida potencia, limitaciones ni estado operativo"
410.0,POZOS,132,ABASTO,AB,44.517,0.182,NO_CONFIDENT_MATCH,"Control de identidad; no valida potencia, limitaciones ni estado operativo"
433.0,RECONQUISTA,132,ABASTO,AB,45.247,0.235,NO_CONFIDENT_MATCH,"Control de identidad; no valida potencia, limitaciones ni estado operativo"
449.0,RIVADAVIA,132,ABASTO,AB,44.461,0.267,NO_CONFIDENT_MATCH,"Control de identidad; no valida potencia, limitaciones ni estado operativo"
2173.0,CHARCAS,132,ABASTO,AB,45.392,0.462,NO_CONFIDENT_MATCH,"Control de identidad; no valida potencia, limitaciones ni estado operativo"
389.0,PERITO MORENO,132,EZEIZA,EZ,36.96,0.211,NO_CONFIDENT_MATCH,"Control de identidad; no valida potencia, limitaciones ni estado operativo"
33.0,AUTODROMO,132,EZEIZA,EZ,34.621,0.133,NO_CONFIDENT_MATCH,"Control de identidad; no valida potencia, limitaciones ni estado operativo"
73.0,CABALLITO,132,EZEIZA,EZ,41.745,0.133,NO_CONFIDENT_MATCH,"Control de identidad; no valida potencia, limitaciones ni estado operativo"
135.0,CONSTITUCIÓN,132,ABASTO,AB,42.724,0.333,NO_CONFIDENT_MATCH,"Control de identidad; no valida potencia, limitaciones ni estado operativo"
144.0,COSTANERA,220,ABASTO,AB,41.317,0.267,NO_CONFIDENT_MATCH,"Control de identidad; no valida potencia, limitaciones ni estado operativo"
295.0,LINIERS,132,EZEIZA,EZ,34.908,0.154,NO_CONFIDENT_MATCH,"Control de identidad; no valida potencia, limitaciones ni estado operativo"
351.0,POMPEYA,132,EZEIZA,EZ,39.749,0.308,NO_CONFIDENT_MATCH,"Control de identidad; no valida potencia, limitaciones ni estado operativo"
379.0,PATRICIOS,132,EZEIZA,EZ,42.515,0.133,NO_CONFIDENT_MATCH,"Control de identidad; no valida potencia, limitaciones ni estado operativo"
16.0,ALBERDI,133,EZEIZA,EZ,39.121,0.154,NO_CONFIDENT_MATCH,"Control de identidad; no valida potencia, limitaciones ni estado operativo"
2153.0,LURO,132,EZEIZA,EZ,38.081,0.0,NO_CONFIDENT_MATCH,"Control de identidad; no valida potencia, limitaciones ni estado operativo"
1.0,9 DE JULIO,132,ABASTO,AB,38.352,0.125,NO_CONFIDENT_MATCH,"Control de identidad; no valida potencia, limitaciones ni estado operativo"
4633.0,PIÑEYRO,132,ABASTO,AB,39.452,0.154,NO_CONFIDENT_MATCH,"Control de identidad; no valida potencia, limitaciones ni estado operativo"
552.0,V. ALSINA,132,EZEIZA,EZ,36.837,0.143,NO_CONFIDENT_MATCH,"Control de identidad; no valida potencia, limitaciones ni estado operativo"
142.0,CORINA,132,ABASTO,AB,34.927,0.167,NO_CONFIDENT_MATCH,"Control de identidad; no valida potencia, limitaciones ni estado operativo"
182.0,ESCALADA,132,ABASTO,AB,34.234,0.143,NO_CONFIDENT_MATCH,"Control de identidad; no valida potencia, limitaciones ni estado operativo"
206.0,GERLI,132,ABASTO,AB,37.702,0.0,NO_CONFIDENT_MATCH,"Control de identidad; no valida potencia, limitaciones ni estado operativo"
45.0,BARRACAS,132,ABASTO,AB,40.147,0.429,NO_CONFIDENT_MATCH,"Control de identidad; no valida potencia, limitaciones ni estado operativo"
360.0,P. GALDOS,132,ABASTO,AB,41.695,0.286,NO_CONFIDENT_MATCH,"Control de identidad; no valida potencia, limitaciones ni estado operativo"
231.0,HERNANDARIAS,132,ABASTO,AB,41.374,0.333,NO_CONFIDENT_MATCH,"Control de identidad; no valida potencia, limitaciones ni estado operativo"
358.0,P. CENTENARIO,132,EZEIZA,EZ,43.426,0.333,NO_CONFIDENT_MATCH,"Control de identidad; no valida potencia, limitaciones ni estado operativo"
561.0,V. CRESPO,132,EZEIZA,EZ,43.278,0.143,NO_CONFIDENT_MATCH,"Control de identidad; no valida potencia, limitaciones ni estado operativo"
56.0,BOSQUES,132,ABASTO,AB,15.298,0.308,NO_CONFIDENT_MATCH,"Control de identidad; no valida potencia, limitaciones ni estado operativo"
425.0,QUILMES,132,ABASTO,AB,27.66,0.154,NO_CONFIDENT_MATCH,"Control de identidad; no valida potencia, limitaciones ni estado operativo"
75.0,CALCHAQUÍ,132,ABASTO,AB,25.201,0.267,NO_CONFIDENT_MATCH,"Control de identidad; no valida potencia, limitaciones ni estado operativo"
189.0,EZPELETA,132,ABASTO,AB,22.13,0.143,NO_CONFIDENT_MATCH,"Control de identidad; no valida potencia, limitaciones ni estado operativo"
2475.0,ZUCAMOR,132,ABASTO,AB,19.201,0.308,NO_CONFIDENT_MATCH,"Control de identidad; no valida potencia, limitaciones ni estado operativo"
,AYSA BERNAL,132,,,,,MISSING_COORDINATES,No se infiere saturación ni capacidad desde la planilla
522.0,SOBRAL,132,ABASTO,AB,25.601,0.333,NO_CONFIDENT_MATCH,"Control de identidad; no valida potencia, limitaciones ni estado operativo"
442.0,RIGOLLEAU,132,ABASTO,AB,22.405,0.133,NO_CONFIDENT_MATCH,"Control de identidad; no valida potencia, limitaciones ni estado operativo"
228.0,GUTIERREZ,132,ABASTO,AB,14.559,0.133,NO_CONFIDENT_MATCH,"Control de identidad; no valida potencia, limitaciones ni estado operativo"
510.0,SARANDI,132,ABASTO,AB,34.209,0.154,NO_CONFIDENT_MATCH,"Control de identidad; no valida potencia, limitaciones ni estado operativo"
162.0,DON BOSCO,132,ABASTO,AB,32.581,0.133,NO_CONFIDENT_MATCH,"Control de identidad; no valida potencia, limitaciones ni estado operativo"
306.0,MACIEL,132,ABASTO,AB,38.542,0.167,NO_CONFIDENT_MATCH,"Control de identidad; no valida potencia, limitaciones ni estado operativo"
517.0,SHELL,132,ABASTO,AB,38.556,0.182,NO_CONFIDENT_MATCH,"Control de identidad; no valida potencia, limitaciones ni estado operativo"
198.0,VARELA,132,ABASTO,AB,19.408,0.333,NO_CONFIDENT_MATCH,"Control de identidad; no valida potencia, limitaciones ni estado operativo"
333.0,CHINGOLO,132,ABASTO,AB,29.007,0.143,NO_CONFIDENT_MATCH,"Control de identidad; no valida potencia, limitaciones ni estado operativo"
5217.0,P. NOVAK,132,ABASTO,AB,20.05,0.154,NO_CONFIDENT_MATCH,"Control de identidad; no valida potencia, limitaciones ni estado operativo"
6.0,ABASTO,500,ABASTO,AB,0.046,1.0,MATCHED_SPATIAL_AND_NAME,"Control de identidad; no valida potencia, limitaciones ni estado operativo"
4990.0,HUDSON,220,ABASTO,AB,22.272,0.333,NO_CONFIDENT_MATCH,"Control de identidad; no valida potencia, limitaciones ni estado operativo"
19.0,BROWN,132,ABASTO,AB,26.142,0.364,NO_CONFIDENT_MATCH,"Control de identidad; no valida potencia, limitaciones ni estado operativo"
61.0,BURZACO,132,ABASTO,AB,24.814,0.462,NO_CONFIDENT_MATCH,"Control de identidad; no valida potencia, limitaciones ni estado operativo"
79.0,CALZADA,132,ABASTO,AB,24.076,0.308,NO_CONFIDENT_MATCH,"Control de identidad; no valida potencia, limitaciones ni estado operativo"
194.0,ROCA,132,ABASTO,AB,29.253,0.2,NO_CONFIDENT_MATCH,"Control de identidad; no valida potencia, limitaciones ni estado operativo"
533.0,TEMPERLEY,132,ABASTO,AB,31.013,0.133,NO_CONFIDENT_MATCH,"Control de identidad; no valida potencia, limitaciones ni estado operativo"
4333.0,HÉROES DE MALVINAS,132,ABASTO,AB,33.131,0.25,NO_CONFIDENT_MATCH,"Control de identidad; no valida potencia, limitaciones ni estado operativo"
4673.0,ANGELETTI,132,ABASTO,AB,25.846,0.267,NO_CONFIDENT_MATCH,"Control de identidad; no valida potencia, limitaciones ni estado operativo"
4674.0,GLEW,132,ABASTO,AB,22.891,0.0,NO_CONFIDENT_MATCH,"Control de identidad; no valida potencia, limitaciones ni estado operativo"
2553.0,ZAPPALORTO,132,EZEIZA,EZ,20.986,0.25,NO_CONFIDENT_MATCH,"Control de identidad; no valida potencia, limitaciones ni estado operativo"
5216.0,LIBERTAD,132,EZEIZA,EZ,24.534,0.286,NO_CONFIDENT_MATCH,"Control de identidad; no valida potencia, limitaciones ni estado operativo"
325.0,MERLO,132,RODRIGUEZ,RD,23.087,0.143,NO_CONFIDENT_MATCH,"Control de identidad; no valida potencia, limitaciones ni estado operativo"
264.0,LA REJA,132,RODRIGUEZ,RD,15.418,0.25,NO_CONFIDENT_MATCH,"Control de identidad; no valida potencia, limitaciones ni estado operativo"
245.0,ITUZAINGO,132,EZEIZA,EZ,26.242,0.4,NO_CONFIDENT_MATCH,"Control de identidad; no valida potencia, limitaciones ni estado operativo"
4849.0,PASO DEL REY,132,RODRIGUEZ,RD,19.959,0.286,NO_CONFIDENT_MATCH,"Control de identidad; no valida potencia, limitaciones ni estado operativo"
5209.0,GAONA,132,RODRIGUEZ,RD,8.588,0.143,NO_CONFIDENT_MATCH,"Control de identidad; no valida potencia, limitaciones ni estado operativo"
1913.0,PANTANOSA,132,EZEIZA,EZ,18.889,0.133,NO_CONFIDENT_MATCH,"Control de identidad; no valida potencia, limitaciones ni estado operativo"
1933.0,M. PAZ,132,EZEIZA,EZ,17.117,0.182,NO_CONFIDENT_MATCH,"Control de identidad; no valida potencia, limitaciones ni estado operativo"
1934.0,PONTEVEDRA,132,EZEIZA,EZ,20.73,0.375,NO_CONFIDENT_MATCH,"Control de identidad; no valida potencia, limitaciones ni estado operativo"
236.0,CASANOVA,132,EZEIZA,EZ,26.943,0.143,NO_CONFIDENT_MATCH,"Control de identidad; no valida potencia, limitaciones ni estado operativo"
530.0,TAPIALES,132,EZEIZA,EZ,31.033,0.143,NO_CONFIDENT_MATCH,"Control de identidad; no valida potencia, limitaciones ni estado operativo"
4.0,A. DE LAFERRERE,132,EZEIZA,EZ,19.101,0.1,NO_CONFIDENT_MATCH,"Control de identidad; no valida potencia, limitaciones ni estado operativo"
207.0,G. CATÁN,132,EZEIZA,EZ,16.65,0.154,NO_CONFIDENT_MATCH,"Control de identidad; no valida potencia, limitaciones ni estado operativo"
322.0,M. BENZ,132,EZEIZA,EZ,5.391,0.333,NO_CONFIDENT_MATCH,"Control de identidad; no valida potencia, limitaciones ni estado operativo"
3833.0,EL PINO,132,EZEIZA,EZ,5.389,0.308,NO_CONFIDENT_MATCH,"Control de identidad; no valida potencia, limitaciones ni estado operativo"
259.0,MATANZA,132,EZEIZA,EZ,30.062,0.308,NO_CONFIDENT_MATCH,"Control de identidad; no valida potencia, limitaciones ni estado operativo"
505.0,SANTA ROSA,132,EZEIZA,EZ,30.343,0.125,NO_CONFIDENT_MATCH,"Control de identidad; no valida potencia, limitaciones ni estado operativo"
485.0,SAN JUSTO,132,EZEIZA,EZ,31.261,0.133,NO_CONFIDENT_MATCH,"Control de identidad; no valida potencia, limitaciones ni estado operativo"
4353.0,LUZURIAGA,132,EZEIZA,EZ,29.271,0.4,NO_CONFIDENT_MATCH,"Control de identidad; no valida potencia, limitaciones ni estado operativo"
5212.0,AEROCLUB,132,EZEIZA,EZ,23.577,0.143,NO_CONFIDENT_MATCH,"Control de identidad; no valida potencia, limitaciones ni estado operativo"
3534.0,TRANSRADIO,132,EZEIZA,EZ,29.818,0.125,NO_CONFIDENT_MATCH,"Control de identidad; no valida potencia, limitaciones ni estado operativo"
167.0,ECHEVERRÍA,132,EZEIZA,EZ,21.522,0.5,NO_CONFIDENT_MATCH,"Control de identidad; no valida potencia, limitaciones ni estado operativo"
462.0,SANTA CATALINA,132,EZEIZA,EZ,31.28,0.1,NO_CONFIDENT_MATCH,"Control de identidad; no valida potencia, limitaciones ni estado operativo"
260.0,LA PLATA,132,ABASTO,AB,14.092,0.429,NO_CONFIDENT_MATCH,"Control de identidad; no valida potencia, limitaciones ni estado operativo"
381.0,PAZ,132,ABASTO,AB,19.032,0.222,NO_CONFIDENT_MATCH,"Control de identidad; no valida potencia, limitaciones ni estado operativo"
451.0,ROCHA,132,ABASTO,AB,20.506,0.182,NO_CONFIDENT_MATCH,"Control de identidad; no valida potencia, limitaciones ni estado operativo"
538.0,TOLOSA,132,ABASTO,AB,18.798,0.333,NO_CONFIDENT_MATCH,"Control de identidad; no valida potencia, limitaciones ni estado operativo"
157.0,DIQUE,132,ABASTO,AB,22.887,0.0,NO_CONFIDENT_MATCH,"Control de identidad; no valida potencia, limitaciones ni estado operativo"
2953.0,SUR,133,,,,,MISSING_COORDINATES,No se infiere saturación ni capacidad desde la planilla
5137.0,ESTE,132,ABASTO,AB,25.957,0.4,NO_CONFIDENT_MATCH,"Control de identidad; no valida potencia, limitaciones ni estado operativo"
254.0,KAISER,132,ABASTO,AB,5.607,0.333,NO_CONFIDENT_MATCH,"Control de identidad; no valida potencia, limitaciones ni estado operativo"
3113.0,MAFISSA,132,ABASTO,AB,12.005,0.308,NO_CONFIDENT_MATCH,"Control de identidad; no valida potencia, limitaciones ni estado operativo"
123.0,CITY BELL,132,ABASTO,AB,13.627,0.133,NO_CONFIDENT_MATCH,"Control de identidad; no valida potencia, limitaciones ni estado operativo"
554.0,VERONICA,132,CHASCOMÚS,CU,58.48,0.118,NO_CONFIDENT_MATCH,"Control de identidad; no valida potencia, limitaciones ni estado operativo"
141.0,CORDOBA SUROESTE,132,MALVINAS ARGENTINAS,MA,33.799,0.171,NO_CONFIDENT_MATCH,"Control de identidad; no valida potencia, limitaciones ni estado operativo"
427.0,R. DEL BUSTO,132,MALVINAS ARGENTINAS,MA,29.027,0.2,NO_CONFIDENT_MATCH,"Control de identidad; no valida potencia, limitaciones ni estado operativo"
2333.0,GUINAZU,132,MALVINAS ARGENTINAS,MA,24.02,0.231,NO_CONFIDENT_MATCH,"Control de identidad; no valida potencia, limitaciones ni estado operativo"
47.0,BARRIO JARDIN,132,MALVINAS ARGENTINAS,MA,27.774,0.25,NO_CONFIDENT_MATCH,"Control de identidad; no valida potencia, limitaciones ni estado operativo"
136.0,CORDOBA CENTRO,132,MALVINAS ARGENTINAS,MA,26.247,0.242,NO_CONFIDENT_MATCH,"Control de identidad; no valida potencia, limitaciones ni estado operativo"
137.0,CORDOBA ESTE,132,MALVINAS ARGENTINAS,MA,23.328,0.194,NO_CONFIDENT_MATCH,"Control de identidad; no valida potencia, limitaciones ni estado operativo"
138.0,CORDOBA NORTE,132,MALVINAS ARGENTINAS,MA,24.315,0.125,NO_CONFIDENT_MATCH,"Control de identidad; no valida potencia, limitaciones ni estado operativo"
139.0,CORDOBA OESTE,132,MALVINAS ARGENTINAS,MA,28.535,0.188,NO_CONFIDENT_MATCH,"Control de identidad; no valida potencia, limitaciones ni estado operativo"
140.0,CORDOBA SUR,132,MALVINAS ARGENTINAS,MA,26.841,0.2,NO_CONFIDENT_MATCH,"Control de identidad; no valida potencia, limitaciones ni estado operativo"
163.0,DON BOSCO CDBA,132,MALVINAS ARGENTINAS,MA,33.009,0.182,NO_CONFIDENT_MATCH,"Control de identidad; no valida potencia, limitaciones ni estado operativo"
305.0,M. DEL ABASTO,132,MALVINAS ARGENTINAS,MA,18.683,0.387,NO_CONFIDENT_MATCH,"Control de identidad; no valida potencia, limitaciones ni estado operativo"
350.0,NUEVA CORDOBA,132,MALVINAS ARGENTINAS,MA,28.235,0.188,NO_CONFIDENT_MATCH,"Control de identidad; no valida potencia, limitaciones ni estado operativo"
4917.0,MENDIOLAZA,132,MALVINAS ARGENTINAS,MA,35.08,0.345,NO_CONFIDENT_MATCH,"Control de identidad; no valida potencia, limitaciones ni estado operativo"
4953.0,LA TABLADA CDBA,132,MALVINAS ARGENTINAS,MA,26.973,0.294,NO_CONFIDENT_MATCH,"Control de identidad; no valida potencia, limitaciones ni estado operativo"
5192.0,MONTE CRISTO,132,MALVINAS ARGENTINAS,MA,6.199,0.323,NO_CONFIDENT_MATCH,"Control de identidad; no valida potencia, limitaciones ni estado operativo"
5203.0,INTERFABRICA CBA,132,MALVINAS ARGENTINAS,MA,24.615,0.229,NO_CONFIDENT_MATCH,"Control de identidad; no valida potencia, limitaciones ni estado operativo"
5427.0,CALASANZ,132,MALVINAS ARGENTINAS,MA,28.485,0.444,NO_CONFIDENT_MATCH,"Control de identidad; no valida potencia, limitaciones ni estado operativo"
91.0,CARLOS PAZ,132,MALVINAS ARGENTINAS,MA,54.67,0.207,NO_CONFIDENT_MATCH,"Control de identidad; no valida potencia, limitaciones ni estado operativo"
190.0,F. CAÑETE,132,MALVINAS ARGENTINAS,MA,56.085,0.296,NO_CONFIDENT_MATCH,"Control de identidad; no valida potencia, limitaciones ni estado operativo"
258.0,LA FALDA,132,MALVINAS ARGENTINAS,MA,59.884,0.222,NO_CONFIDENT_MATCH,"Control de identidad; no valida potencia, limitaciones ni estado operativo"
308.0,MALAGUEÑO,132,MALVINAS ARGENTINAS,MA,44.361,0.5,NO_CONFIDENT_MATCH,"Control de identidad; no valida potencia, limitaciones ni estado operativo"
572.0,YOCSINA,132,MALVINAS ARGENTINAS,MA,44.763,0.231,NO_CONFIDENT_MATCH,"Control de identidad; no valida potencia, limitaciones ni estado operativo"
1294.0,BIALET MASSE,132,MALVINAS ARGENTINAS,MA,54.376,0.323,NO_CONFIDENT_MATCH,"Control de identidad; no valida potencia, limitaciones ni estado operativo"
5141.0,S. A. ARREDONDO,132,MALVINAS ARGENTINAS,MA,58.589,0.25,NO_CONFIDENT_MATCH,"Control de identidad; no valida potencia, limitaciones ni estado operativo"
475.0,SAN FRANCISCO,132,SANTO TOME,ST,120.861,0.435,NO_CONFIDENT_MATCH,"Control de identidad; no valida potencia, limitaciones ni estado operativo"
565.0,VILLA MARIA,132,ARROYO CABRAL,AC,22.86,0.25,NO_CONFIDENT_MATCH,"Control de identidad; no valida potencia, limitaciones ni estado operativo"
5264.0,AFISA,132,SANTO TOME,ST,138.268,0.267,NO_CONFIDENT_MATCH,"Control de identidad; no valida potencia, limitaciones ni estado operativo"
5294.0,MORTEROS,132,SANTO TOME,ST,149.836,0.222,NO_CONFIDENT_MATCH,"Control de identidad; no valida potencia, limitaciones ni estado operativo"
244.0,ISLA VERDE,132,ARROYO CABRAL,AC,126.802,0.087,NO_CONFIDENT_MATCH,"Control de identidad; no valida potencia, limitaciones ni estado operativo"
269.0,LA VIÑA,132,RÍO GRANDE,RG,54.142,0.235,NO_CONFIDENT_MATCH,"Control de identidad; no valida potencia, limitaciones ni estado operativo"
562.0,DOLORES,132,RÍO GRANDE,RG,57.008,0.235,NO_CONFIDENT_MATCH,"Control de identidad; no valida potencia, limitaciones ni estado operativo"
214.0,GRAL. LEVALLE,132,ARROYO CABRAL,AC,177.369,0.24,NO_CONFIDENT_MATCH,"Control de identidad; no valida potencia, limitaciones ni estado operativo"
566.0,VILLA MERCEDES,132,LUJAN,LU,152.564,0.211,NO_CONFIDENT_MATCH,"Control de identidad; no valida potencia, limitaciones ni estado operativo"
3953.0,V. MERCEDES SUR,132,LUJAN,LU,155.954,0.105,NO_CONFIDENT_MATCH,"Control de identidad; no valida potencia, limitaciones ni estado operativo"
4947.0,ENCADENADAS,132,LUJAN,LU,194.744,0.125,NO_CONFIDENT_MATCH,"Control de identidad; no valida potencia, limitaciones ni estado operativo"
268.0,LA TOMA,132,LUJAN,LU,86.108,0.333,NO_CONFIDENT_MATCH,"Control de identidad; no valida potencia, limitaciones ni estado operativo"
507.0,SANTA ROSA S.LUIS,132,RÍO GRANDE,RG,52.092,0.148,NO_CONFIDENT_MATCH,"Control de identidad; no valida potencia, limitaciones ni estado operativo"
5205.0,MERLO SAN LUIS,132,RÍO GRANDE,RG,39.381,0.417,NO_CONFIDENT_MATCH,"Control de identidad; no valida potencia, limitaciones ni estado operativo"
5206.0,TILISARAO S. LUIS,132,RÍO GRANDE,RG,77.124,0.231,NO_CONFIDENT_MATCH,"Control de identidad; no valida potencia, limitaciones ni estado operativo"
302.0,LUJÁN DE CUYO,132,LUJÁN DE CUYO,LCU,0.016,1.0,MATCHED_SPATIAL_AND_NAME,"Control de identidad; no valida potencia, limitaciones ni estado operativo"
364.0,P.I.P.,132,LUJÁN DE CUYO,LCU,1.48,0.222,MATCHED_SPATIAL_ONLY,"Control de identidad; no valida potencia, limitaciones ni estado operativo"
567.0,VILLANUEVA,132,LUJÁN DE CUYO,LCU,24.786,0.348,NO_CONFIDENT_MATCH,"Control de identidad; no valida potencia, limitaciones ni estado operativo"
452.0,RODEO DE LA CRUZ,132,GRAN MENDOZA,GM,25.421,0.214,NO_CONFIDENT_MATCH,"Control de identidad; no valida potencia, limitaciones ni estado operativo"
276.0,LAS HERAS,132,LUJÁN DE CUYO,LCU,26.661,0.364,NO_CONFIDENT_MATCH,"Control de identidad; no valida potencia, limitaciones ni estado operativo"
4193.0,BOULOGNE,132,LUJÁN DE CUYO,LCU,24.217,0.095,NO_CONFIDENT_MATCH,"Control de identidad; no valida potencia, limitaciones ni estado operativo"
5349.0,CERRO DE LA GLORIA,132,LUJÁN DE CUYO,LCU,20.616,0.323,NO_CONFIDENT_MATCH,"Control de identidad; no valida potencia, limitaciones ni estado operativo"
2853.0,VILLA HIPÓDROMO,132,LUJÁN DE CUYO,LCU,16.394,0.286,NO_CONFIDENT_MATCH,"Control de identidad; no valida potencia, limitaciones ni estado operativo"
491.0,SAN MARTÍN,132,LUJÁN DE CUYO,LCU,21.486,0.261,NO_CONFIDENT_MATCH,"Control de identidad; no valida potencia, limitaciones ni estado operativo"
224.0,GUAYMALLEN,133,LUJÁN DE CUYO,LCU,23.742,0.261,NO_CONFIDENT_MATCH,"Control de identidad; no valida potencia, limitaciones ni estado operativo"
4850.0,TUPUNGATO,132,CAPIZ,CAP,33.085,0.143,NO_CONFIDENT_MATCH,"Control de identidad; no valida potencia, limitaciones ni estado operativo"
148.0,CRUZ DE PIEDRA,132,LUJÁN DE CUYO,LCU,17.152,0.37,NO_CONFIDENT_MATCH,"Control de identidad; no valida potencia, limitaciones ni estado operativo"
22.0,ANCHORIS,132,LUJÁN DE CUYO,LCU,29.972,0.381,NO_CONFIDENT_MATCH,"Control de identidad; no valida potencia, limitaciones ni estado operativo"
87.0,CAPIZ,132,CAPIZ,CAP,0.042,1.0,MATCHED_SPATIAL_AND_NAME,"Control de identidad; no valida potencia, limitaciones ni estado operativo"
546.0,BAJO RÍO TUNUYAN,132,BAJO RIO TUNUYÁN,BRT,0.07,1.0,MATCHED_SPATIAL_AND_NAME,"Control de identidad; no valida potencia, limitaciones ni estado operativo"
304.0,MONTECASEROS,132,MONTECASEROS,MCA,0.014,1.0,MATCHED_SPATIAL_AND_NAME,"Control de identidad; no valida potencia, limitaciones ni estado operativo"
4842.0,COLON BA 132,132,COLÓN,CN,0.0,0.588,MATCHED_SPATIAL_AND_NAME,"Control de identidad; no valida potencia, limitaciones ni estado operativo"
145.0,CPTAN SARMIENTO,66,CAPITÁN SARMIENTO,CT,0.0,0.938,MATCHED_SPATIAL_AND_NAME,"Control de identidad; no valida potencia, limitaciones ni estado operativo"
388.0,PERGAMINO,132,PERGAMINO,PO,0.0,1.0,MATCHED_SPATIAL_AND_NAME,"Control de identidad; no valida potencia, limitaciones ni estado operativo"
237.0,I.M.S.A.,132,IMSA,IM,0.0,0.727,MATCHED_SPATIAL_AND_NAME,"Control de identidad; no valida potencia, limitaciones ni estado operativo"
253.0,JUNIN,132,JUNÍN,JU,0.0,1.0,MATCHED_SPATIAL_AND_NAME,"Control de identidad; no valida potencia, limitaciones ni estado operativo"
294.0,LINCOLN,132,LINCOLN,LI,0.0,1.0,MATCHED_SPATIAL_AND_NAME,"Control de identidad; no valida potencia, limitaciones ni estado operativo"
454.0,ROJAS,132,ROJAS,RF,0.0,1.0,MATCHED_SPATIAL_AND_NAME,"Control de identidad; no valida potencia, limitaciones ni estado operativo"
470.0,SALTO BS.AS.,132,SALTO,SA,0.0,0.625,MATCHED_SPATIAL_AND_NAME,"Control de identidad; no valida potencia, limitaciones ni estado operativo"
4693.0,CHACABUCO IND.,132,CHACABUCO INDUSTRIAL,CD,0.747,0.788,MATCHED_SPATIAL_AND_NAME,"Control de identidad; no valida potencia, limitaciones ni estado operativo"
109.0,CHACABUCO,132,CHACABUCO,CB,0.0,1.0,MATCHED_SPATIAL_AND_NAME,"Control de identidad; no valida potencia, limitaciones ni estado operativo"
161.0,DOLORES,132,DOLORES,DO,0.0,1.0,MATCHED_SPATIAL_AND_NAME,"Control de identidad; no valida potencia, limitaciones ni estado operativo"
215.0,GRAL. MADARIAGA,132,GENERAL MADARIAGA,GD,0.0,0.903,MATCHED_SPATIAL_AND_NAME,"Control de identidad; no valida potencia, limitaciones ni estado operativo"
316.0,MAR DEL TUYU,132,MAR DEL TUYU,MU,0.0,1.0,MATCHED_SPATIAL_AND_NAME,"Control de identidad; no valida potencia, limitaciones ni estado operativo"
402.0,PINAMAR,132,PINAMAR,PM,0.0,1.0,MATCHED_SPATIAL_AND_NAME,"Control de identidad; no valida potencia, limitaciones ni estado operativo"
474.0,SAN CLEMENTE,132,SAN CLEMENTE,SE,0.0,1.0,MATCHED_SPATIAL_AND_NAME,"Control de identidad; no valida potencia, limitaciones ni estado operativo"
563.0,VILLA GESELL,132,VILLA GESELL,VG,0.0,1.0,MATCHED_SPATIAL_AND_NAME,"Control de identidad; no valida potencia, limitaciones ni estado operativo"
585.0,MAR DE AJO,132,MAR DE AJO,MJ,0.0,1.0,MATCHED_SPATIAL_AND_NAME,"Control de identidad; no valida potencia, limitaciones ni estado operativo"
4033.0,LAS TONINAS,132,LAS TONINAS,LO,0.0,1.0,MATCHED_SPATIAL_AND_NAME,"Control de identidad; no valida potencia, limitaciones ni estado operativo"
4851.0,VALERIA DEL MAR,132,VALERIA DEL MAR,VA,0.0,1.0,MATCHED_SPATIAL_AND_NAME,"Control de identidad; no valida potencia, limitaciones ni estado operativo"
3.0,9 DE JULIO MDP,132,MAR DEL PLATA,MP,8.629,0.37,NO_CONFIDENT_MATCH,"Control de identidad; no valida potencia, limitaciones ni estado operativo"
216.0,GRAL. PUEYRREDON,132,MAR DEL PLATA,MP,5.908,0.286,NO_CONFIDENT_MATCH,"Control de identidad; no valida potencia, limitaciones ni estado operativo"
250.0,JARA,132,MAR DEL PLATA,MP,3.95,0.353,NO_CONFIDENT_MATCH,"Control de identidad; no valida potencia, limitaciones ni estado operativo"
315.0,MAR DEL PLATA,132,MAR DEL PLATA,MP,0.0,1.0,MATCHED_SPATIAL_AND_NAME,"Control de identidad; no valida potencia, limitaciones ni estado operativo"
1013.0,TERMINAL,132,MAR DEL PLATA,MP,6.895,0.19,NO_CONFIDENT_MATCH,"Control de identidad; no valida potencia, limitaciones ni estado operativo"
4053.0,RUTA 2,132,MAR DEL PLATA,MP,6.074,0.316,NO_CONFIDENT_MATCH,"Control de identidad; no valida potencia, limitaciones ni estado operativo"
5040.0,SUR MDP,132,MAR DEL PLATA,MP,5.858,0.4,NO_CONFIDENT_MATCH,"Control de identidad; no valida potencia, limitaciones ni estado operativo"
5426.0,MDP INDUSTRIAL,132,MAR DEL PLATA,MP,4.089,0.37,NO_CONFIDENT_MATCH,"Control de identidad; no valida potencia, limitaciones ni estado operativo"
5515.0,NORTE - EDEA,132,MAR DEL PLATA,MP,20.552,0.435,NO_CONFIDENT_MATCH,"Control de identidad; no valida potencia, limitaciones ni estado operativo"
196.0,FIRMAT,132,COLÓN,CN,65.097,0.0,NO_CONFIDENT_MATCH,"Control de identidad; no valida potencia, limitaciones ni estado operativo"
461.0,RUFINO,132,LINCOLN,LI,125.783,0.462,NO_CONFIDENT_MATCH,"Control de identidad; no valida potencia, limitaciones ni estado operativo"
553.0,VENADO TUERTO,132,COLÓN,CN,82.725,0.111,NO_CONFIDENT_MATCH,"Control de identidad; no valida potencia, limitaciones ni estado operativo"
428.0,RAFAELA OESTE,132,SANTO TOME,ST,76.798,0.174,NO_CONFIDENT_MATCH,"Control de identidad; no valida potencia, limitaciones ni estado operativo"
526.0,SUNCHALES,132,SANTO TOME,ST,102.102,0.316,NO_CONFIDENT_MATCH,"Control de identidad; no valida potencia, limitaciones ni estado operativo"
653.0,CERES,132,BANDERA,BAN,117.51,0.333,NO_CONFIDENT_MATCH,"Control de identidad; no valida potencia, limitaciones ni estado operativo"
1573.0,TOSTADO,132,BANDERA,BAN,64.566,0.286,NO_CONFIDENT_MATCH,"Control de identidad; no valida potencia, limitaciones ni estado operativo"
30.0,ARRUFO,132,BANDERA,BAN,159.697,0.308,NO_CONFIDENT_MATCH,"Control de identidad; no valida potencia, limitaciones ni estado operativo"
1633.0,RAFAELA SUR,132,SANTO TOME,ST,72.713,0.19,NO_CONFIDENT_MATCH,"Control de identidad; no valida potencia, limitaciones ni estado operativo"
2933.0,SAN GUILLERMO,132,BANDERA,BAN,169.832,0.4,NO_CONFIDENT_MATCH,"Control de identidad; no valida potencia, limitaciones ni estado operativo"
5039.0,RENOVA,132,RIO CORONDA,CN,1.107,0.353,MATCHED_SPATIAL_ONLY,"Control de identidad; no valida potencia, limitaciones ni estado operativo"
4830.0,TERMINAL 6,132,RIO CORONDA,CN,10.913,0.381,NO_CONFIDENT_MATCH,"Control de identidad; no valida potencia, limitaciones ni estado operativo"
417.0,PTO. SAN MARTIN,132,RIO CORONDA,CN,14.011,0.24,NO_CONFIDENT_MATCH,"Control de identidad; no valida potencia, limitaciones ni estado operativo"
436.0,REFISAN,132,RIO CORONDA,CN,17.38,0.333,NO_CONFIDENT_MATCH,"Control de identidad; no valida potencia, limitaciones ni estado operativo"
486.0,SAN LORENZO,132,RIO CORONDA,CN,19.591,0.364,NO_CONFIDENT_MATCH,"Control de identidad; no valida potencia, limitaciones ni estado operativo"
525.0,SULFACID,132,ROSARIO OESTE,RO,21.109,0.286,NO_CONFIDENT_MATCH,"Control de identidad; no valida potencia, limitaciones ni estado operativo"
86.0,CAPITAN BERMUDEZ,132,ROSARIO OESTE,RO,16.105,0.276,NO_CONFIDENT_MATCH,"Control de identidad; no valida potencia, limitaciones ni estado operativo"
5537.0,GDERO BAIGORRIA,132,ROSARIO OESTE,RO,14.484,0.357,NO_CONFIDENT_MATCH,"Control de identidad; no valida potencia, limitaciones ni estado operativo"
4909.0,IBARLUCEA,132,ROSARIO OESTE,RO,10.374,0.273,NO_CONFIDENT_MATCH,"Control de identidad; no valida potencia, limitaciones ni estado operativo"
4908.0,AEROPUERTO ROS.,132,ROSARIO OESTE,RO,5.236,0.222,NO_CONFIDENT_MATCH,"Control de identidad; no valida potencia, limitaciones ni estado operativo"
523.0,SORRENTO,132,ROSARIO OESTE,RO,11.542,0.381,NO_CONFIDENT_MATCH,"Control de identidad; no valida potencia, limitaciones ni estado operativo"
382.0,PCIAS. UNIDAS,132,ROSARIO OESTE,RO,7.469,0.16,NO_CONFIDENT_MATCH,"Control de identidad; no valida potencia, limitaciones ni estado operativo"
2913.0,SCALABR. ORTIZ,132,ROSARIO OESTE,RO,11.017,0.462,MATCHED_SPATIAL_AND_NAME,"Control de identidad; no valida potencia, limitaciones ni estado operativo"
514.0,SARMIENTO S.FE,132,ROSARIO OESTE,RO,13.693,0.593,MATCHED_SPATIAL_AND_NAME,"Control de identidad; no valida potencia, limitaciones ni estado operativo"
457.0,ROSARIO CENTRO,132,ROSARIO OESTE,RO,11.937,0.741,MATCHED_SPATIAL_AND_NAME,"Control de identidad; no valida potencia, limitaciones ni estado operativo"
4912.0,SAN MARTIN ROS.,132,ROSARIO OESTE,RO,12.709,0.222,NO_CONFIDENT_MATCH,"Control de identidad; no valida potencia, limitaciones ni estado operativo"
1593.0,ECHESORTU,132,ROSARIO OESTE,RO,9.155,0.273,NO_CONFIDENT_MATCH,"Control de identidad; no valida potencia, limitaciones ni estado operativo"
1653.0,GODOY,132,ROSARIO OESTE,RO,5.959,0.222,NO_CONFIDENT_MATCH,"Control de identidad; no valida potencia, limitaciones ni estado operativo"
459.0,ROSARIO SUR,132,ROSARIO OESTE,RO,9.133,0.75,MATCHED_SPATIAL_AND_NAME,"Control de identidad; no valida potencia, limitaciones ni estado operativo"
4915.0,O. LAGOS ROS.,132,ROSARIO OESTE,RO,10.556,0.25,NO_CONFIDENT_MATCH,"Control de identidad; no valida potencia, limitaciones ni estado operativo"
466.0,SALADILLO S.FE,132,ROSARIO OESTE,RO,14.994,0.519,MATCHED_SPATIAL_AND_NAME,"Control de identidad; no valida potencia, limitaciones ni estado operativo"
1353.0,V.G.GALVEZ,132,ROSARIO OESTE,RO,15.541,0.174,NO_CONFIDENT_MATCH,"Control de identidad; no valida potencia, limitaciones ni estado operativo"
550.0,V. CONSTIT. IND.,132,SAN NICOLAS URBANA,NU,12.351,0.258,NO_CONFIDENT_MATCH,"Control de identidad; no valida potencia, limitaciones ni estado operativo"
5041.0,LAMINADOS INDUST,132,SAN NICOLAS URBANA,NU,10.868,0.235,NO_CONFIDENT_MATCH,"Control de identidad; no valida potencia, limitaciones ni estado operativo"
204.0,GENERAL MOTORS,132,ROSARIO OESTE,RO,19.185,0.148,NO_CONFIDENT_MATCH,"Control de identidad; no valida potencia, limitaciones ni estado operativo"
4828.0,CARGILL,132,ROSARIO OESTE,RO,20.472,0.3,NO_CONFIDENT_MATCH,"Control de identidad; no valida potencia, limitaciones ni estado operativo"
213.0,GRAL. LAGOS,132,ROSARIO OESTE,RO,29.069,0.261,NO_CONFIDENT_MATCH,"Control de identidad; no valida potencia, limitaciones ni estado operativo"
673.0,V.C.RESIDENCIAL,132,SAN NICOLAS URBANA,NU,16.214,0.364,NO_CONFIDENT_MATCH,"Control de identidad; no valida potencia, limitaciones ni estado operativo"
484.0,SAN JUSTO S.FE,132,SANTO TOME,ST,100.124,0.583,NO_CONFIDENT_MATCH,"Control de identidad; no valida potencia, limitaciones ni estado operativo"
147.0,CRESPO STA.FE,132,ROMANG,RM,122.273,0.316,NO_CONFIDENT_MATCH,"Control de identidad; no valida potencia, limitaciones ni estado operativo"
479.0,SAN JAVIER S.FE,132,ROMANG,RM,126.064,0.19,NO_CONFIDENT_MATCH,"Control de identidad; no valida potencia, limitaciones ni estado operativo"
76.0,CALCHAQUI EPESF,132,ROMANG,RM,69.19,0.095,NO_CONFIDENT_MATCH,"Control de identidad; no valida potencia, limitaciones ni estado operativo"
503.0,SANTA FE OESTE,132,SANTO TOME,ST,12.269,0.5,MATCHED_SPATIAL_AND_NAME,"Control de identidad; no valida potencia, limitaciones ni estado operativo"
502.0,SANTA FE NORTE,132,SANTO TOME,ST,17.783,0.5,NO_CONFIDENT_MATCH,"Control de identidad; no valida potencia, limitaciones ni estado operativo"
629.0,SANTA FE CENTRO,132,SANTO TOME,ST,15.256,0.48,NO_CONFIDENT_MATCH,"Control de identidad; no valida potencia, limitaciones ni estado operativo"
78.0,CALCHINES,132,SANTO TOME,ST,16.489,0.316,NO_CONFIDENT_MATCH,"Control de identidad; no valida potencia, limitaciones ni estado operativo"
4914.0,PUERTO S.FE,132,SANTO TOME,ST,14.928,0.381,NO_CONFIDENT_MATCH,"Control de identidad; no valida potencia, limitaciones ni estado operativo"
434.0,RECONQUISTA S.FE,132,ROMANG,RM,35.686,0.273,NO_CONFIDENT_MATCH,"Control de identidad; no valida potencia, limitaciones ni estado operativo"
5199.0,AVELLANEDA S.FE,132,ROMANG,RM,39.099,0.19,NO_CONFIDENT_MATCH,"Control de identidad; no valida potencia, limitaciones ni estado operativo"
5142.0,CHAPERO,132,ROMANG,RM,35.213,0.308,NO_CONFIDENT_MATCH,"Control de identidad; no valida potencia, limitaciones ni estado operativo"
5363.0,VILLA OCAMPO SUR,132,BELLA VISTA,BVI,31.884,0.37,NO_CONFIDENT_MATCH,"Control de identidad; no valida potencia, limitaciones ni estado operativo"
568.0,VILLA OCAMPO,132,BELLA VISTA,BVI,31.922,0.435,NO_CONFIDENT_MATCH,"Control de identidad; no valida potencia, limitaciones ni estado operativo"
501.0,SANTA ELENA ER,132,PARANA,PA,109.147,0.3,NO_CONFIDENT_MATCH,"Control de identidad; no valida potencia, limitaciones ni estado operativo"
64.0,C. DEL URUGUAY,132,COLONIA ELIA,CE,14.524,0.4,NO_CONFIDENT_MATCH,"Control de identidad; no valida potencia, limitaciones ni estado operativo"
500.0,SAN SALVADOR,132,SALTO GRANDE,SG,62.114,0.417,NO_CONFIDENT_MATCH,"Control de identidad; no valida potencia, limitaciones ni estado operativo"
1493.0,VILLAGUAY,132,COLONIA ELIA,CE,109.358,0.286,NO_CONFIDENT_MATCH,"Control de identidad; no valida potencia, limitaciones ni estado operativo"
184.0,ESQUINA,132,ROMANG,RM,65.166,0.154,NO_CONFIDENT_MATCH,"Control de identidad; no valida potencia, limitaciones ni estado operativo"
209.0,GOYA,132,GOYA,GOY,0.027,1.0,MATCHED_SPATIAL_AND_NAME,"Control de identidad; no valida potencia, limitaciones ni estado operativo"
5429.0,GOYA OESTE,132,GOYA,GOY,6.436,0.571,MATCHED_SPATIAL_AND_NAME,"Control de identidad; no valida potencia, limitaciones ni estado operativo"
5505.0,STELLA MARIS,132,ROMANG,RM,43.748,0.222,NO_CONFIDENT_MATCH,"Control de identidad; no valida potencia, limitaciones ni estado operativo"
150.0,CURUZU CUATIA,132,MERCEDES,ME,60.861,0.095,NO_CONFIDENT_MATCH,"Control de identidad; no valida potencia, limitaciones ni estado operativo"
323.0,MERCEDES DPEC,132,MERCEDES,ME,42.754,0.762,NO_CONFIDENT_MATCH,"Control de identidad; no valida potencia, limitaciones ni estado operativo"
5458.0,PASO TALA,132,GOYA,GOY,49.53,0.154,NO_CONFIDENT_MATCH,"Control de identidad; no valida potencia, limitaciones ni estado operativo"
5062.0,COLONIA BRUGNE,132,CAMPO DE LINEA COLONIA BRUGNE,CBR,0.01,0.651,MATCHED_SPATIAL_AND_NAME,"Control de identidad; no valida potencia, limitaciones ni estado operativo"
5113.0,CORRIENTES ESTE,132,SANTA CATALINA,SCA,5.273,0.276,NO_CONFIDENT_MATCH,"Control de identidad; no valida potencia, limitaciones ni estado operativo"
5471.0,PIRAYU,132,PASO DE LA PATRIA,PT,13.731,0.261,NO_CONFIDENT_MATCH,"Control de identidad; no valida potencia, limitaciones ni estado operativo"
103.0,CD6-CHACO,132,RESISTENCIA NORTE,RNO,6.978,0.231,NO_CONFIDENT_MATCH,"Control de identidad; no valida potencia, limitaciones ni estado operativo"
438.0,RESISTENCIA NORTE,132,RESISTENCIA NORTE,RNO,0.021,1.0,MATCHED_SPATIAL_AND_NAME,"Control de identidad; no valida potencia, limitaciones ni estado operativo"
4573.0,CD5-CHACO,132,RESISTENCIA NORTE,RNO,2.131,0.231,MATCHED_SPATIAL_ONLY,"Control de identidad; no valida potencia, limitaciones ni estado operativo"
5056.0,CD8 - CHACO,132,BARRANQUERAS,BAR,1.706,0.095,MATCHED_SPATIAL_ONLY,"Control de identidad; no valida potencia, limitaciones ni estado operativo"
5078.0,LA LEONESA,132,RESISTENCIA,RS,41.444,0.286,NO_CONFIDENT_MATCH,"Control de identidad; no valida potencia, limitaciones ni estado operativo"
5081.0,PUERTO VILELAS,132,BARRANQUERAS,BAR,6.256,0.385,NO_CONFIDENT_MATCH,"Control de identidad; no valida potencia, limitaciones ni estado operativo"
5159.0,MANSILLA,132,MANSILLA,MAN,0.038,1.0,MATCHED_SPATIAL_AND_NAME,"Control de identidad; no valida potencia, limitaciones ni estado operativo"
5269.0,CD15 - CHACO,132,RESISTENCIA NORTE,RNO,6.125,0.222,NO_CONFIDENT_MATCH,"Control de identidad; no valida potencia, limitaciones ni estado operativo"
46.0,BARRANQUERAS,132,BARRANQUERAS,BAR,0.002,1.0,MATCHED_SPATIAL_AND_NAME,"Control de identidad; no valida potencia, limitaciones ni estado operativo"
415.0,PTE. DE LA PLAZA,132,CHACO,CHA,59.673,0.1,NO_CONFIDENT_MATCH,"Control de identidad; no valida potencia, limitaciones ni estado operativo"
489.0,SAN MARTIN CHACO,132,GENERAL SAN  MARTIN,GSM,0.116,0.588,MATCHED_SPATIAL_AND_NAME,"Control de identidad; no valida potencia, limitaciones ni estado operativo"
5054.0,LA ESCONDIDA,132,RESISTENCIA,RS,40.422,0.435,NO_CONFIDENT_MATCH,"Control de identidad; no valida potencia, limitaciones ni estado operativo"
5457.0,PRESIDENCIA ROCA,132,COLORADO,COL,30.564,0.25,NO_CONFIDENT_MATCH,"Control de identidad; no valida potencia, limitaciones ni estado operativo"
97.0,CASTELLI CHACO,132,CHACO,CHA,103.538,0.526,NO_CONFIDENT_MATCH,"Control de identidad; no valida potencia, limitaciones ni estado operativo"
112.0,CHARATA,132,CHACO,CHA,85.421,0.5,NO_CONFIDENT_MATCH,"Control de identidad; no valida potencia, limitaciones ni estado operativo"
456.0,ROQUE SAENZ PENA,132,CHACO,CHA,6.265,0.095,NO_CONFIDENT_MATCH,"Control de identidad; no valida potencia, limitaciones ni estado operativo"
560.0,VILLA ANGELA,132,CHACO,CHA,83.885,0.118,NO_CONFIDENT_MATCH,"Control de identidad; no valida potencia, limitaciones ni estado operativo"
4986.0,TRES ISLETAS,132,CHACO,CHA,56.514,0.118,NO_CONFIDENT_MATCH,"Control de identidad; no valida potencia, limitaciones ni estado operativo"
5055.0,CAMPO LARGO,132,CHACO,CHA,42.688,0.375,NO_CONFIDENT_MATCH,"Control de identidad; no valida potencia, limitaciones ni estado operativo"
5077.0,QUITILIPI,132,CHACO,CHA,19.609,0.0,NO_CONFIDENT_MATCH,"Control de identidad; no valida potencia, limitaciones ni estado operativo"
5079.0,PAMPA DEL INFIER,132,CHACO,CHA,84.41,0.095,NO_CONFIDENT_MATCH,"Control de identidad; no valida potencia, limitaciones ni estado operativo"
5391.0,SAN BERNARDO CH,132,CHACO,CHA,52.119,0.2,NO_CONFIDENT_MATCH,"Control de identidad; no valida potencia, limitaciones ni estado operativo"
5570.0,LAS BREÑAS,132,,,,,MISSING_COORDINATES,No se infiere saturación ni capacidad desde la planilla
201.0,FORMOSA I,132,FORMOSA I,FORI,0.067,1.0,MATCHED_SPATIAL_AND_NAME,"Control de identidad; no valida potencia, limitaciones ni estado operativo"
5127.0,FORMOSA II,132,FORMOSA II,FORII,0.029,1.0,MATCHED_SPATIAL_AND_NAME,"Control de identidad; no valida potencia, limitaciones ni estado operativo"
5424.0,FORMOSA III,132,FORMOSA I,FORI,6.248,0.9,MATCHED_SPATIAL_AND_NAME,"Control de identidad; no valida potencia, limitaciones ni estado operativo"
404.0,PIRANE,132,PIRANE,PIR,0.066,1.0,MATCHED_SPATIAL_AND_NAME,"Control de identidad; no valida potencia, limitaciones ni estado operativo"
1433.0,EL COLORADO,132,COLORADO,COL,0.025,0.842,MATCHED_SPATIAL_AND_NAME,"Control de identidad; no valida potencia, limitaciones ni estado operativo"
4843.0,LAS LOMITAS NEA,132,LAS LOMITAS,LLO,0.019,0.846,MATCHED_SPATIAL_AND_NAME,"Control de identidad; no valida potencia, limitaciones ni estado operativo"
4952.0,ING. G. JUAREZ,132,ING. JUAREZ,JUA,0.012,0.909,MATCHED_SPATIAL_AND_NAME,"Control de identidad; no valida potencia, limitaciones ni estado operativo"
125.0,CLORINDA,220,CLORINDA,CLO,0.004,1.0,MATCHED_SPATIAL_AND_NAME,"Control de identidad; no valida potencia, limitaciones ni estado operativo"
4957.0,LAGUNA BLANCA,132,LAGUNA BLANCA,LBL,0.023,1.0,MATCHED_SPATIAL_AND_NAME,"Control de identidad; no valida potencia, limitaciones ni estado operativo"
5114.0,GUEMES FORMOSA,132,GUEMES,GUE,0.034,0.6,MATCHED_SPATIAL_AND_NAME,"Control de identidad; no valida potencia, limitaciones ni estado operativo"
173.0,EL DORADO,132,SAN ISIDRO,SI,163.496,0.316,NO_CONFIDENT_MATCH,"Control de identidad; no valida potencia, limitaciones ni estado operativo"
238.0,IGUAZU,132,SAN ISIDRO,SI,242.152,0.125,NO_CONFIDENT_MATCH,"Control de identidad; no valida potencia, limitaciones ni estado operativo"
4653.0,WANDA,132,SAN ISIDRO,SI,210.301,0.4,NO_CONFIDENT_MATCH,"Control de identidad; no valida potencia, limitaciones ni estado operativo"
450.0,ROCA - MISIONES,132,SAN ISIDRO,SI,49.858,0.522,NO_CONFIDENT_MATCH,"Control de identidad; no valida potencia, limitaciones ni estado operativo"
353.0,OBERA,132,SAN ISIDRO,SI,78.326,0.133,NO_CONFIDENT_MATCH,"Control de identidad; no valida potencia, limitaciones ni estado operativo"
5404.0,OBERA II,132,SAN ISIDRO,SI,82.086,0.444,NO_CONFIDENT_MATCH,"Control de identidad; no valida potencia, limitaciones ni estado operativo"
366.0,P.MINERAL,132,SAN ISIDRO,SI,99.462,0.316,NO_CONFIDENT_MATCH,"Control de identidad; no valida potencia, limitaciones ni estado operativo"
1436.0,A. DEL VALLE,132,SAN ISIDRO,SI,111.069,0.286,NO_CONFIDENT_MATCH,"Control de identidad; no valida potencia, limitaciones ni estado operativo"
1437.0,SAN VICENTE,132,SAN ISIDRO,SI,151.39,0.476,NO_CONFIDENT_MATCH,"Control de identidad; no valida potencia, limitaciones ni estado operativo"
255.0,LA BANDA,132,LA BANDA,LBA,0.0,1.0,MATCHED_SPATIAL_AND_NAME,"Control de identidad; no valida potencia, limitaciones ni estado operativo"
4900.0,LA BANDA ESTE,132,BANDA ESTE,LBE,0.0,0.87,MATCHED_SPATIAL_AND_NAME,"Control de identidad; no valida potencia, limitaciones ni estado operativo"
3353.0,SANTIAGO OESTE,132,SANTIAGO OESTE,SGO,0.0,1.0,MATCHED_SPATIAL_AND_NAME,"Control de identidad; no valida potencia, limitaciones ni estado operativo"
508.0,SANTIAGO CENTRO,132,SANTIAGO CENTRO,SCE,0.0,1.0,MATCHED_SPATIAL_AND_NAME,"Control de identidad; no valida potencia, limitaciones ni estado operativo"
4826.0,SANTIAGO SUR,132,SANTIAGO SUR,SGS,0.0,1.0,MATCHED_SPATIAL_AND_NAME,"Control de identidad; no valida potencia, limitaciones ni estado operativo"
4894.0,SANTIAGO ESTE,132,SANTIAGO ESTE,SGE,0.054,1.0,MATCHED_SPATIAL_AND_NAME,"Control de identidad; no valida potencia, limitaciones ni estado operativo"
5327.0,LA FANDET,132,SANTIAGO OESTE,SGO,2.194,0.348,MATCHED_SPATIAL_ONLY,"Control de identidad; no valida potencia, limitaciones ni estado operativo"
5328.0,PRIMERA JUNTA,132,SANTIAGO CENTRO,SCE,2.289,0.286,MATCHED_SPATIAL_ONLY,"Control de identidad; no valida potencia, limitaciones ni estado operativo"
193.0,FERNANDEZ,132,SANTIAGO CENTRO,SCE,36.352,0.25,NO_CONFIDENT_MATCH,"Control de identidad; no valida potencia, limitaciones ni estado operativo"
527.0,SUNCHO CORRAL,132,SUNCHO CORRAL,SCO,0.0,1.0,MATCHED_SPATIAL_AND_NAME,"Control de identidad; no valida potencia, limitaciones ni estado operativo"
21.0,AÑATUYA,132,AÑATUYA,AÑA,0.082,1.0,MATCHED_SPATIAL_AND_NAME,"Control de identidad; no valida potencia, limitaciones ni estado operativo"
3398.0,BANDERA,132,BANDERA,BAN,0.0,1.0,MATCHED_SPATIAL_AND_NAME,"Control de identidad; no valida potencia, limitaciones ni estado operativo"
3399.0,QUIMILI,132,QUIMILI,QUI,0.0,1.0,MATCHED_SPATIAL_AND_NAME,"Control de identidad; no valida potencia, limitaciones ni estado operativo"
4898.0,CAMPO GALLO,132,CAMPO GALLO,CGA,0.0,1.0,MATCHED_SPATIAL_AND_NAME,"Control de identidad; no valida potencia, limitaciones ni estado operativo"
5073.0,COPO,132,COPO,COP,0.0,1.0,MATCHED_SPATIAL_AND_NAME,"Control de identidad; no valida potencia, limitaciones ni estado operativo"
108.0,CEVIL POZO,132,CEVIL POZO,CPZ,0.0,1.0,MATCHED_SPATIAL_AND_NAME,"Control de identidad; no valida potencia, limitaciones ni estado operativo"
513.0,SARMIENTO TUCUM.,132,SARMIENTO,SAR,0.0,0.75,MATCHED_SPATIAL_AND_NAME,"Control de identidad; no valida potencia, limitaciones ni estado operativo"
544.0,TUCUMAN NORTE,132,TUCUMAN NORTE,TUN,0.0,1.0,MATCHED_SPATIAL_AND_NAME,"Control de identidad; no valida potencia, limitaciones ni estado operativo"
545.0,TUCUMAN OESTE,132,TUCUMAN OESTE,TOE,0.0,1.0,MATCHED_SPATIAL_AND_NAME,"Control de identidad; no valida potencia, limitaciones ni estado operativo"
583.0,AVELLANEDA NOA,132,AVELLANEDA,AVE,0.0,0.833,MATCHED_SPATIAL_AND_NAME,"Control de identidad; no valida potencia, limitaciones ni estado operativo"
240.0,INDEPENDENCIA,132,INDEPENDENCIA,IND,0.0,1.0,MATCHED_SPATIAL_AND_NAME,"Control de identidad; no valida potencia, limitaciones ni estado operativo"
4903.0,LULES,132,LULES,LUL,0.0,1.0,MATCHED_SPATIAL_AND_NAME,"Control de identidad; no valida potencia, limitaciones ni estado operativo"
370.0,PAPEL DE TUCUMAN,132,PAPELERA TUCUMAN,PTU,0.0,0.875,MATCHED_SPATIAL_AND_NAME,"Control de identidad; no valida potencia, limitaciones ni estado operativo"
185.0,ESTATICA,132,ESTATICA,EST,0.0,1.0,MATCHED_SPATIAL_AND_NAME,"Control de identidad; no valida potencia, limitaciones ni estado operativo"
3396.0,MANANTIAL,132,TUCUMAN OESTE,TOE,2.893,0.364,NO_CONFIDENT_MATCH,"Control de identidad; no valida potencia, limitaciones ni estado operativo"
1195.0,ANDALGALA,132,ANDALGALA,AND,0.0,1.0,MATCHED_SPATIAL_AND_NAME,"Control de identidad; no valida potencia, limitaciones ni estado operativo"
51.0,BELEN,132,BELEN,BEL,0.0,1.0,MATCHED_SPATIAL_AND_NAME,"Control de identidad; no valida potencia, limitaciones ni estado operativo"
536.0,TINOGASTA,132,TINOGASTA,TIN,0.117,1.0,MATCHED_SPATIAL_AND_NAME,"Control de identidad; no valida potencia, limitaciones ni estado operativo"
202.0,FRIAS,132,FRIAS,FRI,0.0,1.0,MATCHED_SPATIAL_AND_NAME,"Control de identidad; no valida potencia, limitaciones ni estado operativo"
435.0,RECREO,500,RECREO,RE,0.049,1.0,MATCHED_SPATIAL_AND_NAME,"Control de identidad; no valida potencia, limitaciones ni estado operativo"
488.0,SAN MARTIN,132,LA PAZ,LPA,68.746,0.375,NO_CONFIDENT_MATCH,"Control de identidad; no valida potencia, limitaciones ni estado operativo"
99.0,CATAMARCA,132,CATAMARCA I,CAT,0.041,0.9,MATCHED_SPATIAL_AND_NAME,"Control de identidad; no valida potencia, limitaciones ni estado operativo"
4933.0,VALLE VIEJO,132,VALLE VIEJO,VVI,0.064,1.0,MATCHED_SPATIAL_AND_NAME,"Control de identidad; no valida potencia, limitaciones ni estado operativo"
4996.0,PANTANILLO,132,CATAMARCA I,CAT,8.133,0.381,NO_CONFIDENT_MATCH,"Control de identidad; no valida potencia, limitaciones ni estado operativo"
377.0,PQUE INDUSTRIAL SALTA,132,SALTA ESTE,SES,4.844,0.323,NO_CONFIDENT_MATCH,"Control de identidad; no valida potencia, limitaciones ni estado operativo"
467.0,SALTA SUR,132,SALTA SUR,SSU,0.06,1.0,MATCHED_SPATIAL_AND_NAME,"Control de identidad; no valida potencia, limitaciones ni estado operativo"
468.0,SALTA NORTE,132,SALTA NORTE,SNO,0.0,1.0,MATCHED_SPATIAL_AND_NAME,"Control de identidad; no valida potencia, limitaciones ni estado operativo"
1196.0,SALTA ESTE,132,SALTA ESTE,SES,0.0,1.0,MATCHED_SPATIAL_AND_NAME,"Control de identidad; no valida potencia, limitaciones ni estado operativo"
5361.0,SAN AGUSTIN,132,EL CARRIL,ECA,12.574,0.2,NO_CONFIDENT_MATCH,"Control de identidad; no valida potencia, limitaciones ni estado operativo"
287.0,LIBERTADOR,132,LIBERTADOR,LIB,0.0,1.0,MATCHED_SPATIAL_AND_NAME,"Control de identidad; no valida potencia, limitaciones ni estado operativo"
5347.0,CAIMANCITO,132,LIBERTADOR,LIB,20.02,0.2,NO_CONFIDENT_MATCH,"Control de identidad; no valida potencia, limitaciones ni estado operativo"
395.0,PICHANAL,132,PICHANAL,PIC,0.0,1.0,MATCHED_SPATIAL_AND_NAME,"Control de identidad; no valida potencia, limitaciones ni estado operativo"
4827.0,A. SARAVIA,132,APOLINARIO SARAVIA,ASA,0.0,0.667,MATCHED_SPATIAL_AND_NAME,"Control de identidad; no valida potencia, limitaciones ni estado operativo"
5223.0,LA ESTRELLA,132,PICHANAL,PIC,59.244,0.105,NO_CONFIDENT_MATCH,"Control de identidad; no valida potencia, limitaciones ni estado operativo"
248.0,J.V. GONZALES,132,J.V GONZALEZ,JVG,0.0,0.917,MATCHED_SPATIAL_AND_NAME,"Control de identidad; no valida potencia, limitaciones ni estado operativo"
357.0,ORAN,132,ORAN,ORA,0.0,1.0,MATCHED_SPATIAL_AND_NAME,"Control de identidad; no valida potencia, limitaciones ni estado operativo"
4971.0,TABACAL,132,TABACAL,TAB,0.111,1.0,MATCHED_SPATIAL_AND_NAME,"Control de identidad; no valida potencia, limitaciones ni estado operativo"
532.0,TARTAGAL,132,TARTAGAL,TAR,0.081,1.0,MATCHED_SPATIAL_AND_NAME,"Control de identidad; no valida potencia, limitaciones ni estado operativo"
5094.0,SENDA HACHADA,132,TABACAL,TAB,42.35,0.4,NO_CONFIDENT_MATCH,"Control de identidad; no valida potencia, limitaciones ni estado operativo"
5095.0,DRAGONES,132,PICHANAL,PIC,88.236,0.25,NO_CONFIDENT_MATCH,"Control de identidad; no valida potencia, limitaciones ni estado operativo"
205.0,GENERAL PICO,132,TRENQUE LAUQUEN,TL,98.784,0.296,NO_CONFIDENT_MATCH,"Control de identidad; no valida potencia, limitaciones ni estado operativo"
432.0,REALICO,132,TRENQUE LAUQUEN,TL,172.228,0.273,NO_CONFIDENT_MATCH,"Control de identidad; no valida potencia, limitaciones ni estado operativo"
506.0,SANTA ROSA LP,132,MACACHIN,MC,86.26,0.19,NO_CONFIDENT_MATCH,"Control de identidad; no valida potencia, limitaciones ni estado operativo"
4904.0,MAURICIO MAYER,132,MACACHIN,MC,116.874,0.273,NO_CONFIDENT_MATCH,"Control de identidad; no valida potencia, limitaciones ni estado operativo"
5103.0,SANTA ROSA SUR,132,MACACHIN,MC,84.184,0.182,NO_CONFIDENT_MATCH,"Control de identidad; no valida potencia, limitaciones ni estado operativo"
122.0,CIPOLLETTI,132,ET ALTO VALLE,AVA,8.039,0.4,NO_CONFIDENT_MATCH,"Control de identidad; no valida potencia, limitaciones ni estado operativo"
570.0,VILLA REGINA,132,ET ALTO VALLE,AVA,82.029,0.364,NO_CONFIDENT_MATCH,"Control de identidad; no valida potencia, limitaciones ni estado operativo"
5436.0,ING CIPOLLETTI,132,ET ALTO VALLE,AVA,3.041,0.333,NO_CONFIDENT_MATCH,"Control de identidad; no valida potencia, limitaciones ni estado operativo"
104.0,CENTENARIO,132,CENTENARIO,CEN,0.015,1.0,MATCHED_SPATIAL_AND_NAME,"Control de identidad; no valida potencia, limitaciones ni estado operativo"
220.0,GRAN NEUQUÉN,132,COLONIA VALENTINA,CVA,7.476,0.276,NO_CONFIDENT_MATCH,"Control de identidad; no valida potencia, limitaciones ni estado operativo"
129.0,COLONIA VALENTINA,132,COLONIA VALENTINA,CVA,0.58,1.0,MATCHED_SPATIAL_AND_NAME,"Control de identidad; no valida potencia, limitaciones ni estado operativo"
4987.0,NEUQUÉN NORTE,132,ET ALTO VALLE,AVA,4.838,0.087,NO_CONFIDENT_MATCH,"Control de identidad; no valida potencia, limitaciones ni estado operativo"
320.0,MEDANITO,132,PLANICIE BANDERITA,PB,78.624,0.308,NO_CONFIDENT_MATCH,"Control de identidad; no valida potencia, limitaciones ni estado operativo"
115.0,CHIHUIDO,132,CHIHUIDO 2,CHI2,0.095,0.889,MATCHED_SPATIAL_AND_NAME,"Control de identidad; no valida potencia, limitaciones ni estado operativo"
120.0,CHOS MALAL,132,EL TRAPIAL,TRA,86.875,0.3,NO_CONFIDENT_MATCH,"Control de identidad; no valida potencia, limitaciones ni estado operativo"
195.0,FILO MORADO,132,CHIHUIDO 2,CHI2,33.732,0.286,NO_CONFIDENT_MATCH,"Control de identidad; no valida potencia, limitaciones ni estado operativo"
369.0,PAMPA TRILL,132,CHIHUIDO 2,CHI2,49.333,0.095,NO_CONFIDENT_MATCH,"Control de identidad; no valida potencia, limitaciones ni estado operativo"
416.0,PUESTO HERNANDEZ,132,PUESTO HERNANDEZ,PHE,0.023,1.0,MATCHED_SPATIAL_AND_NAME,"Control de identidad; no valida potencia, limitaciones ni estado operativo"
3333.0,EL TRAPIAL,132,EL TRAPIAL,TRA,0.01,1.0,MATCHED_SPATIAL_AND_NAME,"Control de identidad; no valida potencia, limitaciones ni estado operativo"
4962.0,RINCON DE LOS SAUCES,132,RINCON,RIN,0.001,0.462,MATCHED_SPATIAL_AND_NAME,"Control de identidad; no valida potencia, limitaciones ni estado operativo"
576.0,ZAPALA,132,CHOCON OESTE,CO,115.126,0.0,NO_CONFIDENT_MATCH,"Control de identidad; no valida potencia, limitaciones ni estado operativo"
43.0,BARILOCHE,132,ALICURA,AL,77.011,0.25,NO_CONFIDENT_MATCH,"Control de identidad; no valida potencia, limitaciones ni estado operativo"
401.0,PILCANIYEU,132,ALICURA,AL,68.751,0.353,NO_CONFIDENT_MATCH,"Control de identidad; no valida potencia, limitaciones ni estado operativo"
635.0,SAN ANTONIO OESTE,132,S. ANTONIO OESTE,SO,0.019,0.938,MATCHED_SPATIAL_AND_NAME,"Control de identidad; no valida potencia, limitaciones ni estado operativo"
648.0,VIEDMA,132,VIEDMA,VD,0.073,1.0,MATCHED_SPATIAL_AND_NAME,"Control de identidad; no valida potencia, limitaciones ni estado operativo"
