nombre,id,propiedad,concesion,potencia_instalada_mv,fecha_puesta_servicio,tension_entrada,tension_salida,geojson,geom
RIO TURBIO,RT,CENTRAL TÉRMICA RÍO TURBIO,TRANSPA S.A,400,,220,13.2 | 33,"{""type"":""MultiPoint"",""coordinates"":[[-72.232,-51.544]]}",0104000020E6100000010000000101000000022B8716D90E52C01283C0CAA1C549C0
EL CALAFATE,CE,SPSE TI,TRANSPA S.A,30,2013-01-01,132,13.2 | 33,"{""type"":""MultiPoint"",""coordinates"":[[-72.191,-50.326]]}",0104000020E61000000100000001010000004E621058390C52C07D3F355EBA2949C0
FUTALEUFU,FU,TRANSPA S.A,TRANSPA S.A,30,1978-01-01,330,132 | 330,"{""type"":""MultiPoint"",""coordinates"":[[-71.629,-43.133]]}",0104000020E6100000010000000101000000C74B378941E851C01B2FDD24069145C0
ESQUEL,ES,TRANSPA S.A,TRANSPA S.A,15,1999-01-01,132,13.2 | 33 | 132,"{""type"":""MultiPoint"",""coordinates"":[[-71.398,-43.0007]]}",0104000020E6100000010000000101000000B6F3FDD478D951C0B98D06F0168045C0
EL COIHUE,EC,TRANSACUE,TRANSPA S.A,15,2007-01-01,132,33,"{""type"":""MultiPoint"",""coordinates"":[[-71.33,-42.1715]]}",0104000020E610000001000000010100000085EB51B81ED551C0CBA145B6F31545C0
ALICURA,AL,TRANSENER S.A,TRANSENER S.A,150,1984-01-01,500,132,"{""type"":""MultiPoint"",""coordinates"":[[-70.7485342668878,-40.5804856250225]]}",0104000020E6100000010000000101000000FC0D45FCE7AF51C088A25B5A4D4A44C0
LA ESPERANZA,ESP,CATE,TRANSENER S.A,400,2013-06-15,500,132 | 220,"{""type"":""MultiPoint"",""coordinates"":[[-70.714508495251,-51.04258133367]]}",0104000020E61000000100000001010000004CF4D681BAAD51C030C41D4E738549C0
SAN JOSE,SJ,TRANSPA S.A,TRANSPA S.A,0,2009-01-01,132,132,"{""type"":""MultiPoint"",""coordinates"":[[-70.2928,-46.668]]}",0104000020E61000000100000001010000003411363CBD9251C02FDD2406815547C0
ORO PLATA,OP,TRANSPA S.A,TRANSPA S.A,0,2015-01-01,132,132,"{""type"":""MultiPoint"",""coordinates"":[[-70.2209065605928,-46.8720663630635]]}",0104000020E6100000010000000101000000F24D4555238E51C050A6DEDE9F6F47C0
PIEDRA DEL AGUILA,PG,TRANSENER S.A,TRANSENER S.A,0,1993-01-01,500,500,"{""type"":""MultiPoint"",""coordinates"":[[-70.0446731483315,-40.1629203523983]]}",0104000020E6100000010000000101000000F4C5C3ECDB8251C0A0B3F892DA1444C0
PIEDRA DEL AGUILA,PAG,EPEN,EPEN,30,1985-01-01,132,13.2 | 33,"{""type"":""MultiPoint"",""coordinates"":[[-70.0071583360669,-40.1733085968143]]}",0104000020E610000001000000010100000044D33C48758051C06AB7E1F92E1644C0
PICÚN LEUFÚ,PC,HID. PICÚN LEUFÚ,HID. PICÚN LEUFÚ,0,,,,"{""type"":""MultiPoint"",""coordinates"":[[-69.9828313790182,-40.0115910061579]]}",0104000020E6100000010000000101000000689795B5E67E51C01A3068D07B0144C0
AIKE,AK,TRANSPA S.A,TRANSPA S.A,0,2014-01-01,132,132,"{""type"":""MultiPoint"",""coordinates"":[[-69.6172,-46.6136]]}",0104000020E6100000010000000101000000D6C56D34806751C0AD69DE718A4E47C0
RIO GALLEGOS,RG,TRANSPA S.A,TRANSPA S.A,100,2013-01-01,220,220,"{""type"":""MultiPoint"",""coordinates"":[[-69.383,-51.656]]}",0104000020E61000000100000001010000008D976E12835851C08716D9CEF7D349C0
EL TRAPIAL,TRA,EPEN,EPEN,55,2002-01-01,132,13.2 | 33,"{""type"":""MultiPoint"",""coordinates"":[[-69.2784944473281,-37.3678419247601]]}",0104000020E610000001000000010100000016D95FDAD25151C0A378B67115AF42C0
CHIHUIDO 2,CHI2,EPEN,EPEN,15,1981-01-01,132,13.2 | 33,"{""type"":""MultiPoint"",""coordinates"":[[-69.2772633179123,-37.3300516434909]]}",0104000020E610000001000000010100000017B4A4AEBE5151C06364DB213FAA42C0
LOS PERALES,LP,TRANSPA S.A,TRANSPA S.A,0,2001-01-01,132,132,"{""type"":""MultiPoint"",""coordinates"":[[-69.2645,-46.1975]]}",0104000020E6100000010000000101000000B0726891ED5051C0E17A14AE471947C0
PUESTO HERNANDEZ,PHE,EPEN,EPEN,15,1973-01-01,132,13.2 | 33,"{""type"":""MultiPoint"",""coordinates"":[[-69.0730500044147,-37.286930816343]]}",0104000020E6100000010000000101000000C1FBECD9AC4451C032342426BAA442C0
AGUA DEL TORO,ATO,ESTADO NACIONAL,DISTROCUYO S.A,0,1982-01-01,220,220,"{""type"":""MultiPoint"",""coordinates"":[[-69.0071763919999,-34.5692542369999]]}",0104000020E6100000010000000101000000583CF893754051C01883A552DD4841C0
LUJÁN DE CUYO,LCU,ESTADO NACIONAL,DISTROCUYO S.A,110,1971-01-01,132,13.2 | 33 | 132,"{""type"":""MultiPoint"",""coordinates"":[[-68.9804121059999,-33.054617752]]}",0104000020E6100000010000000101000000D0F76A12BF3E51C0784FE9B6FD8640C0
CAPIZ,CAP,ESTADO NACIONAL,DISTROCUYO S.A,60,1969-01-01,132,13.2 | 66 | 132,"{""type"":""MultiPoint"",""coordinates"":[[-68.9801769819999,-33.672269964]]}",0104000020E6100000010000000101000000D47E3C38BB3E51C040BB32F10CD640C0
RIO SANTA CRUZ,RSC,INTESAR,TRANSENER S.A,150,2013-01-01,500,132,"{""type"":""MultiPoint"",""coordinates"":[[-68.973146853132,-49.9857277201955]]}",0104000020E6100000010000000101000000101ABD09483E51C0088070532CFE48C0
LAS HERAS,LH,TRANSPA S.A,TRANSPA S.A,0,2001-01-01,132,132,"{""type"":""MultiPoint"",""coordinates"":[[-68.9495,-46.515]]}",0104000020E610000001000000010100000054E3A59BC43C51C052B81E85EB4147C0
CERRO NEGRO,CN,TRANSACUE,TRANSPA S.A,0,1999-01-01,132,132,"{""type"":""MultiPoint"",""coordinates"":[[-68.935,-45.753]]}",0104000020E6100000010000000101000000A4703D0AD73B51C0AAF1D24D62E046C0
RINCON,RIN,EPEN,EPEN,0,2010-01-01,132,,"{""type"":""MultiPoint"",""coordinates"":[[-68.8990305565654,-37.411472487772]]}",0104000020E610000001000000010100000068A375B7893951C098176721ABB442C0
CHOCON OESTE,CO,TRANSENER S.A,TRANSENER S.A,150,1984-01-01,500,132,"{""type"":""MultiPoint"",""coordinates"":[[-68.7793319049487,-39.237427918946]]}",0104000020E6100000010000000101000000FC1EED92E03151C0E083BD09649E43C0
EL CHOCON 132 kV,CHO,EPEN,EPEN,0,1980-01-01,132,,"{""type"":""MultiPoint"",""coordinates"":[[-68.7486444475696,-39.2563419283132]]}",0104000020E61000000100000001010000002CA966CAE92F51C06B59F3CFCFA043C0
CHOCON,CH,TRANSENER S.A,TRANSENER S.A,250,1972-01-01,500,132,"{""type"":""MultiPoint"",""coordinates"":[[-68.7478107568546,-39.2579092434171]]}",0104000020E61000000100000001010000006812A621DC2F51C008E88A2B03A143C0
LOMA DE LA LATA,LLL,EPEN,EPEN,0,2007-01-01,132,,"{""type"":""MultiPoint"",""coordinates"":[[-68.7127500003054,-38.4131530403005]]}",0104000020E610000001000000010100000049622DB29D2D51C0AF2AE632E23443C0
LOS REYUNOS,LRE,ESTADO NACIONAL,DISTROCUYO S.A,0,1984-01-01,220,220,"{""type"":""MultiPoint"",""coordinates"":[[-68.638388517,-34.5994995639999]]}",0104000020E610000001000000010100000008AA825BDB2851C048ACD666BC4C41C0
SAN JUAN,SJ,FUTURA,TRANSENER S.A,450,2015-01-01,500,132,"{""type"":""MultiPoint"",""coordinates"":[[-68.6230761808433,-31.564967066786]]}",0104000020E6100000010000000101000000DCE8EA7AE02751C0C02983AEA1903FC0
LOMA LA LATA,LL,LOMA DE LA LATA S.A.,CT LOMA DE LA LATA,0,,,,"{""type"":""MultiPoint"",""coordinates"":[[-68.6046279799389,-38.5134382039014]]}",0104000020E610000001000000010100000060058E39B22651C00723D357B84143C0
RIO DIAMANTE,RDI,TRANSENER S.A,TRANSENER S.A,300,2011-06-24,500,220,"{""type"":""MultiPoint"",""coordinates"":[[-68.5934397626104,-34.5497144834278]]}",0104000020E6100000010000000101000000B023C5EAFA2551C0E03A500B5D4641C0
ARROYITO,ARR,EPEN,EPEN,15,1982-01-01,132,13.2 | 33,"{""type"":""MultiPoint"",""coordinates"":[[-68.5885353339725,-39.0999219315331]]}",0104000020E6100000010000000101000000F5FC1A90AA2551C0420BEA3DCA8C43C0
GRAN MENDOZA,GM,TRANSENER S.A,TRANSENER S.A,900,1984-01-01,500,132 | 220,"{""type"":""MultiPoint"",""coordinates"":[[-68.5817321411194,-33.0985216319493]]}",0104000020E6100000010000000101000000F44872193B2551C0D895595B9C8C40C0
SAN JUAN,SJU,ESTADO NACIONAL,DISTROCUYO S.A,450,1980-01-01,220,13.2 | 33 | 132,"{""type"":""MultiPoint"",""coordinates"":[[-68.5706891889999,-31.5526217739999]]}",0104000020E6100000010000000101000000E0BBF22B862451C02063DE9E788D3FC0
PLAYA PLANICIE BANDERITA,PPB,EPEN,EPEN,90,1973-01-01,132,13.2 | 33,"{""type"":""MultiPoint"",""coordinates"":[[-68.4860972155806,-38.5606669240585]]}",0104000020E61000000100000001010000001BE67E371C1F51C0DB630BEFC34743C0
PLANICIE BANDERITA,PB,TRANSENER S.A,TRANSENER S.A,300,1978-01-01,500,132,"{""type"":""MultiPoint"",""coordinates"":[[-68.4731556246532,-38.5599653400577]]}",0104000020E61000000100000001010000007473872E481E51C07838BBF1AC4743C0
PEDRO VARGAS,PVA,ESTADO NACIONAL,DISTROCUYO S.A,0,1957-01-01,132,132,"{""type"":""MultiPoint"",""coordinates"":[[-68.4673481029999,-34.6227478719999]]}",0104000020E6100000010000000101000000E08E0408E91D51C058F2C733B64F41C0
CAÑADA HONDA,CAH,ESTADO NACIONAL,DISTROCUYO S.A,30,2007-01-01,132,13.2 | 33 | 132,"{""type"":""MultiPoint"",""coordinates"":[[-68.4595190179999,-31.9793504699999]]}",0104000020E6100000010000000101000000C88C74C2681D51C0D0F85FB6B6FA3FC0
EL CORTADERAL,ECO,FUTURA,TRANSENER S.A,150,2011-06-24,500,132,"{""type"":""MultiPoint"",""coordinates"":[[-68.4477784621009,-36.6673563099056]]}",0104000020E6100000010000000101000000E8A4FE66A81C51C070E97AEE6B5542C0
VALLE HERMOSO,VH,"TRANSACUE
",TRANSPA S.A,0,1999-01-01,132,132,"{""type"":""MultiPoint"",""coordinates"":[[-68.434,-45.749]]}",0104000020E6100000010000000101000000B29DEFA7C61B51C01D5A643BDFDF46C0
MONTECASEROS,MCA,ESTADO NACIONAL,DISTROCUYO S.A,90,1982-01-01,132,13.2 | 66 | 132,"{""type"":""MultiPoint"",""coordinates"":[[-68.4192294239999,-33.0057197919999]]}",0104000020E61000000100000001010000007066A6A7D41A51C030CA176DBB8040C0
AGUA DEL CAJON,AG,TRANSENER S.A,TRANSENER S.A,0,1999-01-01,500,500,"{""type"":""MultiPoint"",""coordinates"":[[-68.3562806843088,-38.9383656491208]]}",0104000020E610000001000000010100000060D37F4DCD1651C0F854975D1C7843C0
SAN RAFAEL,SRA,ESTADO NACIONAL,DISTROCUYO S.A,0,1957-01-01,132,132,"{""type"":""MultiPoint"",""coordinates"":[[-68.3363186439999,-34.6299150209999]]}",0104000020E6100000010000000101000000F040A23E861551C0183A2F0EA15041C0
BAJO RIO TUNUYÁN,BRT,ESTADO NACIONAL,DISTROCUYO S.A,60,1984-01-01,132,13.2 | 66 | 132,"{""type"":""MultiPoint"",""coordinates"":[[-68.3274199769999,-33.2919758879999]]}",0104000020E61000000100000001010000006451EB72F41451C0101745775FA540C0
CERRITO DE LA COSTA,CC,TRANSENER S.A,TRANSENER S.A,0,1976-01-01,500,500,"{""type"":""MultiPoint"",""coordinates"":[[-68.2573991605913,-38.7198414369775]]}",0104000020E61000000100000001010000007C30543A791051C0E00FA3C3235C43C0
VILLA UNIÓN,VUN,TRANSNOA S.A,TRANSNOA S.A,15,1998-01-01,132,13.2 | 33,"{""type"":""MultiPoint"",""coordinates"":[[-68.2087456675122,-29.3459135223657]]}",0104000020E61000000100000001010000005FC9C9165C0D51C0FFCDE1C98D583DC0
COLONIA VALENTINA,CVA,EPEN,EPEN,0,2002-01-01,132,,"{""type"":""MultiPoint"",""coordinates"":[[-68.1916916622622,-38.924044709467]]}",0104000020E610000001000000010100000040151BAD440C51C0E899D718477643C0
CENTENARIO,CEN,EPEN,EPEN,0,1991-01-01,132,,"{""type"":""MultiPoint"",""coordinates"":[[-68.1382777801743,-38.8379780401353]]}",0104000020E61000000100000001010000002DE70B8BD90851C0D4924ADD426B43C0
PAMP.D.CASTILLO,CA,TRANSPA S.A,TRANSPA S.A,0,1999-01-01,132,132,"{""type"":""MultiPoint"",""coordinates"":[[-68.037,-45.814]]}",0104000020E6100000010000000101000000EE7C3F355E0251C0D578E92631E846C0
ET ALTO VALLE,AVA,EPEN,EPEN,90,1969-01-01,132,13.2 | 33,"{""type"":""MultiPoint"",""coordinates"":[[-68.0217075042953,-38.9515648144805]]}",0104000020E6100000010000000101000000AA41DFA7630151C0E81B37E0CC7943C0
SANTA CRUZ NORTE,ZN,INTESAR,TRANSENER S.A,150,2008-06-09,500,132,"{""type"":""MultiPoint"",""coordinates"":[[-67.9792713539304,-46.7744566975028]]}",0104000020E610000001000000010100000098C2C161ACFE50C0A8F8A565216347C0
EL TORDILLO,TO,TRANSPA S.A,TRANSPA S.A,0,2001-01-01,132,132,"{""type"":""MultiPoint"",""coordinates"":[[-67.951,-45.854]]}",0104000020E6100000010000000101000000BE9F1A2FDDFC50C05A643BDF4FED46C0
PICO TRUNCADO I,PU,TRANSPA S.A,TRANSPA S.A,110,1963-01-01,132,10.4 | 13.2 | 35 | 66 | 132,"{""type"":""MultiPoint"",""coordinates"":[[-67.9499996066062,-46.7839997123617]]}",0104000020E61000000100000001010000008A6526CBCCFC50C05F55421A5A6447C0
PICO TRUNCADO II,PD,TRANSPA S.A,TRANSPA S.A,12,1978-01-01,132,35 | 132,"{""type"":""MultiPoint"",""coordinates"":[[-67.9429997206275,-46.6620000148228]]}",0104000020E6100000010000000101000000DF0E801B5AFC50C0C0CE9E6ABC5447C0
PETROQUIMICA,PE,TRANSPA S.A,TRANSPA S.A,0,2007-01-01,132,132,"{""type"":""MultiPoint"",""coordinates"":[[-67.9335,-46.7882]]}",0104000020E610000001000000010100000039B4C876BEFB50C0865AD3BCE36447C0
DIADEMA,DA,TRANSPA S.A,TRANSPA S.A,0,2007-01-01,33 | 132,33 | 132,"{""type"":""MultiPoint"",""coordinates"":[[-67.68,-45.789]]}",0104000020E6100000010000000101000000EC51B81E85EB50C0A245B6F3FDE446C0
TINOGASTA,TIN,TRANSNOA S.A,TRANSNOA S.A,15,2000-01-01,132,13.2 | 33,"{""type"":""MultiPoint"",""coordinates"":[[-67.5658205710866,-28.0481682385703]]}",0104000020E6100000010000000101000000280E7C6736E450C08B5DF1C0540C3CC0
ABASOLO,AB,COOPERATIVA RIVADAVIA,TRANSPA S.A,30,,132,13.2 | 33,"{""type"":""MultiPoint"",""coordinates"":[[-67.5367,-45.8497]]}",0104000020E6100000010000000101000000D8F0F44A59E250C0A2B437F8C2EC46C0
BARRIO SAN MARTIN,BS,TRANSPA S.A,TRANSPA S.A,45,1981-01-01,132,13.2 | 33 | 132,"{""type"":""MultiPoint"",""coordinates"":[[-67.5335,-45.864]]}",0104000020E6100000010000000101000000A01A2FDD24E250C03BDF4F8D97EE46C0
PATAGONIA,EP,TRANSPA S.A,TRANSPA S.A,0,1996-01-01,132,132,"{""type"":""MultiPoint"",""coordinates"":[[-67.514,-45.793]]}",0104000020E610000001000000010100000037894160E5E050C02FDD240681E546C0
NONOGASTA,NON,TRANSNOA S.A,TRANSNOA S.A,80,1973-01-01,132,13.2 | 66,"{""type"":""MultiPoint"",""coordinates"":[[-67.5036471698758,-29.3100580801391]]}",0104000020E6100000010000000101000000BBD556C13BE050C0E00E62F75F4F3DC0
C. RIVADAVIA  A1,AU,TRANSPA S.A,TRANSPA S.A,122,1963-01-01,132,13.2 | 33 | 66 | 132,"{""type"":""MultiPoint"",""coordinates"":[[-67.445,-45.812]]}",0104000020E610000001000000010100000014AE47E17ADC50C00D2DB29DEFE746C0
C. RIVADAVIA  A,EA,TRANSPA S.A,TRANSPA S.A,40,1954-01-01,66 | 132,10.4 | 33 | 66 | 132,"{""type"":""MultiPoint"",""coordinates"":[[-67.444,-45.814]]}",0104000020E610000001000000010100000023DBF97E6ADC50C0D578E92631E846C0
BELEN,BEL,TRANSNOA S.A,TRANSNOA S.A,15,1999-12-17,132,13.2 | 33,"{""type"":""MultiPoint"",""coordinates"":[[-67.0206757065595,-27.6794096625744]]}",0104000020E6100000010000000101000000A7DF32C052C150C0E657A9CAEDAD3BC0
PATQUÍA,PAT,TRANSNOA S.A,TRANSNOA S.A,15,1973-01-01,132,13.2 | 33,"{""type"":""MultiPoint"",""coordinates"":[[-66.8972955963575,-30.0230723314028]]}",0104000020E6100000010000000101000000D14C824A6DB950C045D17C11E8053EC0
PIQUETE 63,P63,SIN DATOS,SIN DATOS,,,,,"{""type"":""MultiPoint"",""coordinates"":[[-66.8955309411845,-29.5085581419129]]}",0104000020E6100000010000000101000000663C026150B950C06FA1CBDD30823DC0
CIRCUNVALACION,CIR,TRANSNOA S.A,TRANSNOA S.A,90,2009-08-23,132,13.2 | 33,"{""type"":""MultiPoint"",""coordinates"":[[-66.8918155904251,-29.4491763657223]]}",0104000020E610000001000000010100000014BCB28113B950C0CAE9E838FD723DC0
LA RIOJA NORTE I,LRI,TRANSNOA S.A,TRANSNOA S.A,120,1970-01-01,132,13.2 | 33,"{""type"":""MultiPoint"",""coordinates"":[[-66.8325976919138,-29.3827717401954]]}",0104000020E6100000010000000101000000AA5FD44749B550C0DAF82954FD613DC0
LA RIOJA NORTE II,LR2,TRANSNOA S.A,TRANSNOA S.A,30,2005-07-11,132,13.2 | 33,"{""type"":""MultiPoint"",""coordinates"":[[-66.8319270677073,-29.3820423271081]]}",0104000020E6100000010000000101000000721D074B3EB550C0F29DA486CD613DC0
AIMOGASTA,AIM,TRANSNOA S.A,TRANSNOA S.A,45,1984-01-01,132,13.2 | 33,"{""type"":""MultiPoint"",""coordinates"":[[-66.7918127077782,-28.57027131803]]}",0104000020E6100000010000000101000000BB1D350FADB250C01FC9144DFD913CC0
PARQUE ARAUCO,PAR,TRANSNOA S.A,TRANSNOA S.A,60,2011-05-20,132,13.2 | 33,"{""type"":""MultiPoint"",""coordinates"":[[-66.7305853943335,-28.6990984874768]]}",0104000020E61000000100000001010000003FE63DE9C1AE50C06965541EF8B23CC0
MINERA ALUMBRERA,ALU,SIN DATOS,SIN DATOS,,,,,"{""type"":""MultiPoint"",""coordinates"":[[-66.5910495235227,-27.3082716055947]]}",0104000020E61000000100000001010000002C7661C1D3A550C0955050E3EA4E3BC0
LA RIOJA,LA,COBRA LA RIOJA SUR S.A.,TRANSENER S.A,300,2009-08-06,500,132,"{""type"":""MultiPoint"",""coordinates"":[[-66.5127808908418,-29.3974531114436]]}",0104000020E61000000100000001010000007C0BF166D1A050C00058B37CBF653DC0
FLORENTINO AMEGHINO,FA,TRANSPA S.A,TRANSPA S.A,0,1969-01-01,132,132,"{""type"":""MultiPoint"",""coordinates"":[[-66.481,-43.7]]}",0104000020E6100000010000000101000000105839B4C89E50C09A99999999D945C0
CHAMICAL,CHA,TRANSNOA S.A,TRANSNOA S.A,30,,132,13.2 | 33,"{""type"":""MultiPoint"",""coordinates"":[[-66.3311817525131,-30.3420971058109]]}",0104000020E6100000010000000101000000DB04F314329550C08F8309AD93573EC0
ANDALGALA,AND,TRANSNOA S.A,TRANSNOA S.A,30,1999-12-16,132,13.2 | 33,"{""type"":""MultiPoint"",""coordinates"":[[-66.3032318661304,-27.5917992892071]]}",0104000020E6100000010000000101000000A808A126689350C0CAF0802880973BC0
SAUJIL,SAU,TRANSNOA S.A,TRANSNOA S.A,20,2009-04-18,132,13.2 | 33,"{""type"":""MultiPoint"",""coordinates"":[[-66.215132276355,-28.1689367828902]]}",0104000020E61000000100000001010000008CD02ABAC48D50C0E69AE5703F2B3CC0
AMPAJANGO,AMP,SIN DATOS,SIN DATOS,,,,,"{""type"":""MultiPoint"",""coordinates"":[[-66.093162277675,-26.9030995128531]]}",0104000020E610000001000000010100000071F5E95EF68550C0C8BC988731E73AC0
LUJAN,LU,TRANSENER S.A,TRANSENER S.A,300,1998-12-07,500,132,"{""type"":""MultiPoint"",""coordinates"":[[-66.0658093176062,-32.3682475962635]]}",0104000020E610000001000000010100000004B94838368450C02864BBBC222F40C0
ACONQUIJA,ACO,TRANSNOA S.A,TRANSNOA S.A,7.5,2008-01-03,132,13.2 | 33,"{""type"":""MultiPoint"",""coordinates"":[[-65.9924536695841,-27.4263361302154]]}",0104000020E61000000100000001010000002E6A655C847F50C0CD60585D246D3BC0
CAFAYATE,CAF,TRANSNOA S.A,TRANSNOA S.A,15,2004-04-03,132,13.2 | 33,"{""type"":""MultiPoint"",""coordinates"":[[-65.9792030393621,-26.023045576038]]}",0104000020E61000000100000001010000000D8D3943AB7E50C086669B50E6053AC0
PUERTO DESEADO,DE,"SPSE TI
",TRANSPA S.A,10,1990-01-01,132,13.2,"{""type"":""MultiPoint"",""coordinates"":[[-65.892,-47.742]]}",0104000020E61000000100000001010000000C022B87167950C0E5D022DBF9DE47C0
PUELCHES,PU,TRANSENER S.A,TRANSENER S.A,150,1972-01-01,500,132,"{""type"":""MultiPoint"",""coordinates"":[[-65.8228966512544,-38.1498465212852]]}",0104000020E61000000100000001010000000848B756AA7450C0682BBA2B2E1343C0
CATAMARCA I,CAT,TRANSNOA S.A,TRANSNOA S.A,90,1970-01-01,132,13.2 | 33,"{""type"":""MultiPoint"",""coordinates"":[[-65.7643353126822,-28.470860439433]]}",0104000020E610000001000000010100000076C9A8DEEA7050C04D584C4F8A783CC0
CATAMARCA II,CA2,TRANSNOA S.A,TRANSNOA S.A,60,2001-11-27,132,13.2 | 33,"{""type"":""MultiPoint"",""coordinates"":[[-65.7640681684772,-28.4698964763994]]}",0104000020E61000000100000001010000008AE12C7EE67050C014A4AE224B783CC0
PUEBLO VIEJO,PVI,SIN DATOS,SIN DATOS,,,,,"{""type"":""MultiPoint"",""coordinates"":[[-65.7514165648139,-27.1451614720511]]}",0104000020E610000001000000010100000018E38035177050C036195F4D29253BC0
ESCABA,ESC,SIN DATOS,SIN DATOS,,,,,"{""type"":""MultiPoint"",""coordinates"":[[-65.7469660666917,-27.6367348223117]]}",0104000020E610000001000000010100000068EAC24ACE6F50C0A20DA60D01A33BC0
TAFI DEL VALLE,TAF,TRANSNOA S.A,TRANSNOA S.A,30,2014-05-14,220,33,"{""type"":""MultiPoint"",""coordinates"":[[-65.7161326068981,-26.8026069831054]]}",0104000020E6100000010000000101000000808EDB1DD56D50C08FFAB7A677CD3AC0
VALLE VIEJO,VVI,TRANSNOA S.A,TRANSNOA S.A,30,2010-12-22,132,13.2 | 33,"{""type"":""MultiPoint"",""coordinates"":[[-65.7101894866335,-28.4744943937331]]}",0104000020E610000001000000010100000075C39ABE736D50C00C38EF7678793CC0
CHOELE CHOEL,CL,TRANSENER S.A,TRANSENER S.A,100,1984-01-01,500,132,"{""type"":""MultiPoint"",""coordinates"":[[-65.6912930077178,-39.5683590525332]]}",0104000020E61000000100000001010000007C0607253E6C50C000824BFDBFC843C0
LOS PIZARROS,LPI,SIN DATOS,SIN DATOS,,,,,"{""type"":""MultiPoint"",""coordinates"":[[-65.6455749375766,-27.7464509072665]]}",0104000020E610000001000000010100000090008B19516950C079C71A6817BF3BC0
AGUILARES,AGU,TRANSNOA S.A,TRANSNOA S.A,45,1956-01-01,132,13.2 | 33,"{""type"":""MultiPoint"",""coordinates"":[[-65.610384720343,-27.4341255387426]]}",0104000020E61000000100000001010000007CF6128B106750C0F741EFD9226F3BC0
HUACRA,HUA,TRANSNOA S.A,TRANSNOA S.A,15,1970-01-01,132,13.2 | 33,"{""type"":""MultiPoint"",""coordinates"":[[-65.585681249554,-28.0169173380589]]}",0104000020E6100000010000000101000000C02D35CD7B6550C0C7B2D5B154043CC0
LA COCHA,LCO,TRANSNOA S.A,TRANSNOA S.A,15,1998-12-11,132,13.2 | 33,"{""type"":""MultiPoint"",""coordinates"":[[-65.5806994972712,-27.7540436515491]]}",0104000020E61000000100000001010000005865392E2A6550C0EC28370109C13BC0
VILLA QUINTEROS,VQU,TRANSNOA S.A,TRANSNOA S.A,45,1956-01-01,132,13.2 | 33,"{""type"":""MultiPoint"",""coordinates"":[[-65.5452386595421,-27.2594755937556]]}",0104000020E6100000010000000101000000E5CFB030E56250C0554A15FE6C423BC0
EL CARRIL,ECA,TRANSNOA S.A,TRANSNOA S.A,30,2002-07-26,132,33 | 66,"{""type"":""MultiPoint"",""coordinates"":[[-65.4962526947304,-25.073016396975]]}",0104000020E6100000010000000101000000CE9AA99AC25F50C04F14DD33B11239C0
PAMPA GRANDE,PGR,SIN DATOS,SIN DATOS,,,,,"{""type"":""MultiPoint"",""coordinates"":[[-65.483436822587,-25.8424895788719]]}",0104000020E610000001000000010100000061ACFFA0F05E50C0CB79A465ADD739C0
SALTA SUR,SSU,TRANSNOA S.A,TRANSNOA S.A,106.5,1963-01-01,132,13.2,"{""type"":""MultiPoint"",""coordinates"":[[-65.429890170625,-24.8026501048706]]}",0104000020E610000001000000010100000034ED0F52835B50C0DD8C2E7A7ACD38C0
SALTA ESTE,SES,TRANSNOA S.A,TRANSNOA S.A,60,2000-01-01,132,13.2 | 33,"{""type"":""MultiPoint"",""coordinates"":[[-65.4195894392819,-24.8417992156863]]}",0104000020E6100000010000000101000000A0DDA98DDA5A50C0CB2B452780D738C0
AGUA BLANCA,ABL,TRANSNOA S.A,TRANSNOA S.A,60,1956-01-01,132,13.2 | 33,"{""type"":""MultiPoint"",""coordinates"":[[-65.4159845360675,-27.0795340671171]]}",0104000020E61000000100000001010000004C839A7D9F5A50C08C2F39585C143BC0
SALTA NORTE,SNO,TRANSNOA S.A,TRANSNOA S.A,50,1997-06-25,132,13.2,"{""type"":""MultiPoint"",""coordinates"":[[-65.3982754550894,-24.7422310679944]]}",0104000020E6100000010000000101000000259A55587D5950C06E1CF3DA02BE38C0
SIERRA GRANDE,SG,EDERSA TI,TRANSPA S.A,88,1975-01-01,132,6.6 | 13.2,"{""type"":""MultiPoint"",""coordinates"":[[-65.376,-41.674]]}",0104000020E6100000010000000101000000F2D24D62105850C083C0CAA145D644C0
PAPELERA TUCUMAN,PTU,SIN DATOS,SIN DATOS,,,,,"{""type"":""MultiPoint"",""coordinates"":[[-65.3697979095081,-26.9388223730322]]}",0104000020E6100000010000000101000000D8DDD9C4AA5750C037EDBCA956F03AC0
TRELEW,TW,TRANSPA S.A,TRANSPA S.A,75,1973-01-01,132,13.2 | 33 | 132,"{""type"":""MultiPoint"",""coordinates"":[[-65.343,-43.255]]}",0104000020E6100000010000000101000000CBA145B6F35550C0713D0AD7A3A045C0
LULES,LUL,TRANSNOA S.A,TRANSNOA S.A,30,2008-07-01,132,13.2 | 33,"{""type"":""MultiPoint"",""coordinates"":[[-65.3391918237068,-26.9470688304581]]}",0104000020E61000000100000001010000000A799F51B55550C0E9E0551A73F23AC0
CABRA CORRAL,CCO,SIN DATOS,SIN DATOS,,,,,"{""type"":""MultiPoint"",""coordinates"":[[-65.3296130884968,-25.2710854705556]]}",0104000020E610000001000000010100000057DB7E61185550C0FD747EDB654539C0
JUJUY SUR,JSU,TRANSNOA S.A,TRANSNOA S.A,60,1977-01-01,132,13.2 | 33,"{""type"":""MultiPoint"",""coordinates"":[[-65.2963682913613,-24.2094848361942]]}",0104000020E6100000010000000101000000F9BDB5B2F75250C03B7658CCA03538C0
TRANCAS,TRA,TRANSNOA S.A,TRANSNOA S.A,15,2000-01-25,132,13.2 | 33,"{""type"":""MultiPoint"",""coordinates"":[[-65.2747580162336,-26.2238769970485]]}",0104000020E61000000100000001010000006082A5A2955150C063A6BC0050393AC0
JUJUY ESTE,JES,TRANSNOA S.A,TRANSNOA S.A,60,1996-12-19,132,13.2 | 33,"{""type"":""MultiPoint"",""coordinates"":[[-65.2647414102666,-24.2139567502726]]}",0104000020E61000000100000001010000007FBFF485F15050C0D82D9DDEC53638C0
TUCUMAN OESTE,TOE,TRANSNOA S.A,TRANSNOA S.A,90,1991-01-01,132,13.2,"{""type"":""MultiPoint"",""coordinates"":[[-65.263255849271,-26.8103273164856]]}",0104000020E61000000100000001010000005FC60F2FD95050C0655C6B9C71CF3AC0
LA CALERA,LCA,SIN DATOS,SIN DATOS,,,,,"{""type"":""MultiPoint"",""coordinates"":[[-65.2282974261795,-28.4666712810441]]}",0104000020E6100000010000000101000000EDCCCE6C9C4E50C01111E2C477773CC0
INDEPENDENCIA,IND,TRANSNOA S.A,TRANSNOA S.A,90,1956-01-01,132,13.2 | 33,"{""type"":""MultiPoint"",""coordinates"":[[-65.2240955890502,-26.8656820386201]]}",0104000020E61000000100000001010000007F890695574E50C09F9B8C569DDD3AC0
LAS MADERAS,LMA,TRANSNOA S.A,TRANSNOA S.A,15,2006-09-01,132,13.2 | 33,"{""type"":""MultiPoint"",""coordinates"":[[-65.2202298346461,-24.4433003789178]]}",0104000020E6100000010000000101000000255AE03E184E50C095C135227C7138C0
PE LOMA BLANCA,LB,TRANSPA S.A,TRANSPA S.A,0,2013-01-01,132,132,"{""type"":""MultiPoint"",""coordinates"":[[-65.214,-43.063]]}",0104000020E610000001000000010100000004560E2DB24D50C0F2D24D62108845C0
ESTATICA,EST,TRANSNOA S.A,TRANSNOA S.A,90,,132,13.2,"{""type"":""MultiPoint"",""coordinates"":[[-65.2131587214799,-26.8486010590403]]}",0104000020E610000001000000010100000043677A64A44D50C0D6ED43EB3DD93AC0
TUCUMAN NORTE,TUN,TRANSNOA S.A,TRANSNOA S.A,90,1966-01-01,132,13.2 | 33,"{""type"":""MultiPoint"",""coordinates"":[[-65.2124875335514,-26.7909786798506]]}",0104000020E61000000100000001010000004EDA4F65994D50C0ABCA29947DCA3AC0
SARMIENTO,SAR,TRANSNOA S.A,TRANSNOA S.A,84,,132,13.2,"{""type"":""MultiPoint"",""coordinates"":[[-65.2114135489393,-26.81587745756]]}",0104000020E610000001000000010100000008A8B1CC874D50C087C35558DDD03AC0
AVELLANEDA,AVE,TRANSNOA S.A,TRANSNOA S.A,60,1998-10-27,132,13.2,"{""type"":""MultiPoint"",""coordinates"":[[-65.1949768377266,-26.8291964850805]]}",0104000020E6100000010000000101000000D76021807A4C50C00261893846D43AC0
PALPALA,PAL,TRANSNOA S.A,TRANSNOA S.A,45,1963-01-01,132,13.2 | 33,"{""type"":""MultiPoint"",""coordinates"":[[-65.1871794974094,-24.25918574685]]}",0104000020E6100000010000000101000000BBF6B6BFFA4B50C0674F42FF594238C0
EL CADILLAL,CAD,SIN DATOS,SIN DATOS,,,,,"{""type"":""MultiPoint"",""coordinates"":[[-65.1867646514599,-26.6196752346433]]}",0104000020E61000000100000001010000006C84B9F3F34B50C021EF4209A39E3AC0
P.EOLICO RAWSON,PW,TRANSPA S.A,TRANSPA S.A,120,2011-01-01,132,33 | 132,"{""type"":""MultiPoint"",""coordinates"":[[-65.179,-43.349]]}",0104000020E6100000010000000101000000FA7E6ABC744B50C0E9263108ACAC45C0
EL BRACHO,BR,TRANSENER S.A,TRANSENER S.A,600,1987-01-01,500,132,"{""type"":""MultiPoint"",""coordinates"":[[-65.1647371770603,-26.9946205924932]]}",0104000020E610000001000000010100000030FACC0D8B4A50C0C0AF84749FFE3AC0
EL BRACHO,BRA,TRANSNOA S.A,TRANSNOA S.A,15,1987-01-01,132,13.2 | 33,"{""type"":""MultiPoint"",""coordinates"":[[-65.1632666666667,-26.99375]]}",0104000020E61000000100000001010000000F7708F6724A50C06766666666FE3AC0
CEVIL POZO,CPZ,TRANSNOA S.A,TRANSNOA S.A,90,1998-04-14,132,13.2 | 33,"{""type"":""MultiPoint"",""coordinates"":[[-65.1375572690151,-26.8459105864106]]}",0104000020E6100000010000000101000000CDEF00BDCD4850C037F99F988DD83AC0
RAWSON,RW,TRANSPA S.A,TRANSPA S.A,30,2006-01-01,132,13.2 | 33 | 132,"{""type"":""MultiPoint"",""coordinates"":[[-65.1245,-43.3055]]}",0104000020E61000000100000001010000008716D9CEF74750C0C976BE9F1AA745C0
FRIAS,FRI,TRANSNOA S.A,TRANSNOA S.A,60,1956-01-01,132,13.2 | 33,"{""type"":""MultiPoint"",""coordinates"":[[-65.1223674785096,-28.6063761199226]]}",0104000020E6100000010000000101000000BB9267DED44750C0982424773B9B3CC0
PUERTO MADRYN,PY,INTESAR,TRANSENER S.A,450,2006-02-24,500,330,"{""type"":""MultiPoint"",""coordinates"":[[-65.1056373305828,-42.7051755398673]]}",0104000020E6100000010000000101000000C00514C3C24650C0A8D52C31435A45C0
EL LAVALLE,LAV,TRANSENER S.A,TRANSENER S.A,0,2015-01-01,500,500,"{""type"":""MultiPoint"",""coordinates"":[[-65.1053101985974,-28.1585610602436]]}",0104000020E61000000100000001010000004CBAFC66BD4650C0502A287597283CC0
PUERTO MADRYN,PM,TRANSPA S.A,TRANSPA S.A,120,1978-01-01,132 | 330,132 | 330,"{""type"":""MultiPoint"",""coordinates"":[[-65.102,-42.71]]}",0104000020E61000000100000001010000004A0C022B874650C07B14AE47E15A45C0
S. ANTONIO OESTE,SO,EDERSA TI,TRANSPA S.A,15,1983-01-01,132,13.2 | 33 | 132,"{""type"":""MultiPoint"",""coordinates"":[[-65.0695,-40.7455]]}",0104000020E61000000100000001010000009CC420B0724450C08195438B6C5F44C0
LA PAZ,LPA,TRANSNOA S.A,TRANSNOA S.A,10,2009-11-15,132,13.2 | 33,"{""type"":""MultiPoint"",""coordinates"":[[-65.0607095537683,-29.262166548823]]}",0104000020E610000001000000010100000057FF52AAE24350C0D14CD1581D433DC0
RECREO,RE,TRANSENER S.A,TRANSENER S.A,300,1987-01-01,500,132,"{""type"":""MultiPoint"",""coordinates"":[[-65.0577921125935,-29.2600738698494]]}",0104000020E61000000100000001010000009463B0DDB24350C0208C7D3394423DC0
COBOS,COB,SIN DATOS,SIN DATOS,,,,,"{""type"":""MultiPoint"",""coordinates"":[[-65.0528496644016,-24.746337321014]]}",0104000020E61000000100000001010000006B0D8FE3614350C0128A71F60FBF38C0
P. ALUMINIO APPA,AP,TRANSPA S.A,TRANSPA S.A,900,1973-01-01,330,33 | 132 | 330,"{""type"":""MultiPoint"",""coordinates"":[[-65.0512,-42.7407]]}",0104000020E610000001000000010100000088635DDC464350C0D712F241CF5E45C0
P. ALUMINIO DGPA,DG,TRANSPA S.A,TRANSPA S.A,80,1978-01-01,132,13.2 | 33 | 132,"{""type"":""MultiPoint"",""coordinates"":[[-65.051,-42.741]]}",0104000020E610000001000000010100000025068195434350C0022B8716D95E45C0
COBOS,CB,INTESAR,TRANSENER S.A,450,2010-09-14,500,345,"{""type"":""MultiPoint"",""coordinates"":[[-65.0477904492342,-24.7462911080461]]}",0104000020E61000000100000001010000006821ACFF0E4350C0805A1EEF0CBF38C0
GUEMES,GUE,TRANSNOA S.A,TRANSNOA S.A,30,1963-01-01,132,13.2,"{""type"":""MultiPoint"",""coordinates"":[[-65.0434068745408,-24.6884012535618]]}",0104000020E6100000010000000101000000BFA4A02DC74250C0BB9286103BB038C0
PUNTA COLORADA,PC,EDERSA TI,TRANSPA S.A,15,1975-01-01,132,6.6 | 33,"{""type"":""MultiPoint"",""coordinates"":[[-65.0295,-41.698]]}",0104000020E6100000010000000101000000D9CEF753E34150C0D34D621058D944C0
SAN JUANCITO,SJU,TRANSNOA S.A,TRANSNOA S.A,30,1963-01-01,132,13.2 | 33,"{""type"":""MultiPoint"",""coordinates"":[[-64.9999512569961,-24.3775243608656]]}",0104000020E61000000100000001010000001A998E33FF3F50C07C5CBF6FA56038C0
SAN JUANCITO,SO,TRANSENER S.A,TRANSENER S.A,300,2011-07-03,500,132,"{""type"":""MultiPoint"",""coordinates"":[[-64.9975983397928,-24.3767959477702]]}",0104000020E610000001000000010100000010FDB4A6D83F50C040F000B3756038C0
METAN,MET,TRANSNOA S.A,TRANSNOA S.A,15,1975-01-01,132,13.2 | 33,"{""type"":""MultiPoint"",""coordinates"":[[-64.98060305059,-25.5085640654219]]}",0104000020E610000001000000010100000015294C33C23E50C072E82C41318239C0
ROSARIO DE LA FRONTERA,ROS,TRANSNOA S.A,TRANSNOA S.A,30,2008-10-03,132,13.2 | 33,"{""type"":""MultiPoint"",""coordinates"":[[-64.9595177520743,-25.8073182823857]]}",0104000020E6100000010000000101000000CB4525BD683D50C03D4F3469ACCE39C0
MINETTI,MIN,SIN DATOS,SIN DATOS,,,,,"{""type"":""MultiPoint"",""coordinates"":[[-64.9572458814954,-24.4918694354203]]}",0104000020E61000000100000001010000003AD03A84433D50C03408C327EB7D38C0
TERMAS NORTE,TNO,TRANSNOA S.A,TRANSNOA S.A,15,2014-04-17,132,13.2 | 33,"{""type"":""MultiPoint"",""coordinates"":[[-64.8929829670784,-27.5013173848753]]}",0104000020E61000000100000001010000002ADF07A2263950C098F40C5656803BC0
RIO HONDO,RHO,TRANSNOA S.A,TRANSNOA S.A,25,1970-01-01,132,13.2 | 33,"{""type"":""MultiPoint"",""coordinates"":[[-64.885216384176,-27.5235224368691]]}",0104000020E6100000010000000101000000D9FA9E62A73850C03413019105863BC0
SAN PEDRO,SPE,TRANSNOA S.A,TRANSNOA S.A,30,1979-01-01,132,13.2 | 33,"{""type"":""MultiPoint"",""coordinates"":[[-64.8626463910845,-24.2378299778633]]}",0104000020E61000000100000001010000001C6E3599353750C076EEE86CE23C38C0
S. ANTONIO ESTE,SE,"EDERSA TI
",TRANSPA S.A,15,,132,13.2 | 33 | 132,"{""type"":""MultiPoint"",""coordinates"":[[-64.792,-40.7095]]}",0104000020E6100000010000000101000000A69BC420B03250C0894160E5D05A44C0
LIBERTADOR,LIB,TRANSNOA S.A,TRANSNOA S.A,30,1986-01-01,132,13.2 | 33,"{""type"":""MultiPoint"",""coordinates"":[[-64.7851859690269,-23.8221608167442]]}",0104000020E6100000010000000101000000E68FA67C403250C010F89B2179D237C0
BURRUYACU,BUR,TRANSNOA S.A,TRANSNOA S.A,15,2000-04-25,132,13.2 | 33,"{""type"":""MultiPoint"",""coordinates"":[[-64.7502425847859,-26.5137871361808]]}",0104000020E6100000010000000101000000326E79F9033050C08500C38D87833AC0
RÍO GRANDE,RG,TRANSENER S.A,TRANSENER S.A,0,1984-01-01,500,500,"{""type"":""MultiPoint"",""coordinates"":[[-64.6364977993761,-32.221552320036]]}",0104000020E6100000010000000101000000F8124461BC2850C0287490D35B1C40C0
EL TUNAL,ETU,SIN DATOS,SIN DATOS,,,,,"{""type"":""MultiPoint"",""coordinates"":[[-64.4761954197672,-25.2259170964559]]}",0104000020E6100000010000000101000000EE995AFC791E50C0A2E2ECB3D53939C0
EMBALSE,EM,TRANSENER S.A,TRANSENER S.A,0,1984-01-01,500,500,"{""type"":""MultiPoint"",""coordinates"":[[-64.4426793852058,-32.2340340158765]]}",0104000020E6100000010000000101000000A084EADB541C50C0B02B9ED3F41D40C0
SANTIAGO,SES,TRANSENER S.A,TRANSENER S.A,450,2015-01-01,500,132,"{""type"":""MultiPoint"",""coordinates"":[[-64.3465792639761,-27.8382240651673]]}",0104000020E6100000010000000101000000F40FCB5A2E1650C0109D32DA95D63BC0
ORAN,ORA,TRANSNOA S.A,TRANSNOA S.A,30,1987-01-01,132,13.2 | 33,"{""type"":""MultiPoint"",""coordinates"":[[-64.3216289088716,-23.1418247581121]]}",0104000020E610000001000000010100000052436B91951450C0C6DA99A04E2437C0
ALMAFUERTE,AM,TRANSENER S.A,TRANSENER S.A,600,1980-01-01,500,132,"{""type"":""MultiPoint"",""coordinates"":[[-64.3173153575183,-32.2064385532312]]}",0104000020E6100000010000000101000000D0C312E54E1450C0806119946C1A40C0
SANTIAGO OESTE,SGO,TRANSNOA S.A,TRANSNOA S.A,60,2008-11-21,132,13.2,"{""type"":""MultiPoint"",""coordinates"":[[-64.2908828625901,-27.7986726632189]]}",0104000020E6100000010000000101000000A37227D39D1250C0F6BBC8CF75CC3BC0
SANTIAGO SUR,SGS,TRANSNOA S.A,TRANSNOA S.A,60,2006-03-01,132,13.2,"{""type"":""MultiPoint"",""coordinates"":[[-64.2751553379156,-27.8363894430962]]}",0104000020E6100000010000000101000000B96A22259C1150C069D1589E1DD63BC0
LA BANDA,LBA,TRANSNOA S.A,TRANSNOA S.A,60,1970-01-01,132,13.2 | 33,"{""type"":""MultiPoint"",""coordinates"":[[-64.2662298795699,-27.7526734536671]]}",0104000020E6100000010000000101000000207E0CE9091150C052111C35AFC03BC0
SANTIAGO ESTE,SGE,TRANSNOA S.A,TRANSNOA S.A,60,2014-08-25,132,13.2,"{""type"":""MultiPoint"",""coordinates"":[[-64.2572539217835,-27.7791306975806]]}",0104000020E6100000010000000101000000FC3427D9761050C0106B011C75C73BC0
SANTIAGO CENTRO,SCE,TRANSNOA S.A,TRANSNOA S.A,60,1977-01-01,132,13.2 | 33,"{""type"":""MultiPoint"",""coordinates"":[[-64.2419908341241,-27.8168623892766]]}",0104000020E6100000010000000101000000A79F1FC77C0F50C08746BFE41DD13BC0
TABACAL,TAB,SIN DATOS,SIN DATOS,,,,,"{""type"":""MultiPoint"",""coordinates"":[[-64.241238345263,-23.2535711202213]]}",0104000020E610000001000000010100000087DCF472700F50C08A8F7409EA4037C0
BANDA ESTE,LBE,TRANSNOA S.A,TRANSNOA S.A,60,2012-12-10,132,13.2 | 33,"{""type"":""MultiPoint"",""coordinates"":[[-64.2200888912156,-27.7272063052086]]}",0104000020E6100000010000000101000000FA7EB7EF150E50C0DE5042312ABA3BC0
PICHANAL,PIC,TRANSNOA S.A,TRANSNOA S.A,30,1987-01-01,132,13.2 | 33,"{""type"":""MultiPoint"",""coordinates"":[[-64.2116225891682,-23.3118930741095]]}",0104000020E6100000010000000101000000A1E478398B0D50C032267939D84F37C0
PETROQUÍMICA RÍO TERCERO,PE,PETROQUÍMICA RÍO TERCERO,PETROQUÍMICA RÍO TERCERO,0,,,,"{""type"":""MultiPoint"",""coordinates"":[[-64.1496558909919,-32.1618231002975]]}",0104000020E6100000010000000101000000AE5D4DF6930950C0F4C18D9EB61440C0
J.V GONZALEZ,JVG,SIN DATOS,SIN DATOS,,,,,"{""type"":""MultiPoint"",""coordinates"":[[-64.1446383572783,-25.1028869837327]]}",0104000020E610000001000000010100000079903DC1410950C0DC5026CD561A39C0
APOLINARIO SARAVIA,ASA,TRANSNOA S.A,TRANSNOA S.A,15,2008-10-30,132,13.2 | 33,"{""type"":""MultiPoint"",""coordinates"":[[-63.9775864867176,-24.355250034608]]}",0104000020E610000001000000010100000057BBD28D21FD4FC04A8B90AAF15A38C0
MALVINAS ARGENTINAS,MA,TRANSENER S.A,TRANSENER S.A,600,1987-01-01,500,132,"{""type"":""MultiPoint"",""coordinates"":[[-63.9127149999508,-31.340017010785]]}",0104000020E6100000010000000101000000B8AD59D8D3F44FC0C067D55A0B573FC0
TARTAGAL,TAR,TRANSNOA S.A,TRANSNOA S.A,30,1987-01-01,132,13.2 | 33,"{""type"":""MultiPoint"",""coordinates"":[[-63.8053349714417,-22.5415696281267]]}",0104000020E61000000100000001010000006C55623715E74FC0964FA14EA48A36C0
MACACHIN,MC,TRANSENER S.A,TRANSENER S.A,150,2001-09-10,500,132,"{""type"":""MultiPoint"",""coordinates"":[[-63.5639494984347,-37.1525489344882]]}",0104000020E6100000010000000101000000B82F467F2FC84FC0485536B9869342C0
SUNCHO CORRAL,SCO,TRANSNOA S.A,TRANSNOA S.A,30,2004-01-15,132,13.2 | 33,"{""type"":""MultiPoint"",""coordinates"":[[-63.4231787020838,-27.9480200788237]]}",0104000020E61000000100000001010000002BE83EB82AB64FC0D57FA271B1F23BC0
ARROYO CABRAL,AC,TRANSENER S.A,TRANSENER S.A,300,2012-03-21,500,132,"{""type"":""MultiPoint"",""coordinates"":[[-63.4228933427509,-32.4970559715653]]}",0104000020E6100000010000000101000000D0677A5E21B64FC0C013B3879F3F40C0
VIEDMA,VD,EDERSA TI,TRANSPA S.A,30,1983-01-01,132,13.2 | 33 | 132,"{""type"":""MultiPoint"",""coordinates"":[[-62.99,-40.833]]}",0104000020E61000000100000001010000001F85EB51B87E4FC0B4C876BE9F6A44C0
PATAGONES,PK,TRANSBA S.A,TRANSBA S.A,30,,132,13.2 | 33,"{""type"":""MultiPoint"",""coordinates"":[[-62.963607,-40.798086]]}",0104000020E61000000100000001010000002D996379577B4FC09EB29AAE276644C0
AÑATUYA,AÑA,TRANSNOA S.A,TRANSNOA S.A,35,2006-09-10,132,13.2 | 33,"{""type"":""MultiPoint"",""coordinates"":[[-62.8548784240462,-28.4455193616233]]}",0104000020E6100000010000000101000000CCAAFCA76C6D4FC01BE88F8E0D723CC0
CAMPO GALLO,CGA,TRANSNOA S.A,TRANSNOA S.A,30,2013-08-14,132,13.2 | 33,"{""type"":""MultiPoint"",""coordinates"":[[-62.8515183786418,-26.6114514453223]]}",0104000020E6100000010000000101000000D01AE28DFE6C4FC05DC0F814889C3AC0
COPO,COP,TRANSNOA S.A,TRANSNOA S.A,30,2011-01-11,132,13.2 | 33,"{""type"":""MultiPoint"",""coordinates"":[[-62.8183783630987,-25.8491142064439]]}",0104000020E6100000010000000101000000A6A1489FC0684FC0D93E738C5FD939C0
MONTE QUEMADO,MQ,LIMSA,TRANSENER S.A,150,2011-08-01,500,132,"{""type"":""MultiPoint"",""coordinates"":[[-62.8146106720973,-25.846482375621]]}",0104000020E6100000010000000101000000B8D0992945684FC0C0EEA711B3D839C0
TRENQUE LAUQUEN,TL,TRANSBA S.A,TRANSBA S.A,150,,66 | 132,13.2 | 33 | 66,"{""type"":""MultiPoint"",""coordinates"":[[-62.724444,-35.986467]]}",0104000020E610000001000000010100000047E4BB94BA5C4FC0A7CAF78C44FE41C0
PEDRO LURO,PL,TRANSBA S.A,TRANSBA S.A,15,,132,13.2 | 33,"{""type"":""MultiPoint"",""coordinates"":[[-62.66769,-39.519709]]}",0104000020E6100000010000000101000000E1EEACDD76554FC0EB3713D385C243C0
QUIMILI,QUI,TRANSNOA S.A,TRANSNOA S.A,30,2010-12-19,132,13.2 | 33,"{""type"":""MultiPoint"",""coordinates"":[[-62.4255435563731,-27.6362713017932]]}",0104000020E6100000010000000101000000B1D2143678364FC0BE9510ADE2A23BC0
GUILLERMO BROWN,GBR,TRANSENER S.A,TRANSENER S.A,0,2015-01-01,500,500,"{""type"":""MultiPoint"",""coordinates"":[[-62.4154090085236,-38.68497494943]]}",0104000020E61000000100000001010000004809551F2C354FC0C8305742AD5743C0
PIGÜÉ,PF,TRANSBA S.A,TRANSBA S.A,30,,132,13.2 | 33,"{""type"":""MultiPoint"",""coordinates"":[[-62.409305,-37.614212]]}",0104000020E61000000100000001010000006E8B321B64344FC0C767B27F9ECE42C0
CHAÑARES,CH,TRANSBA S.A,TRANSBA S.A,60,2008-01-01,132,13.2 | 33,"{""type"":""MultiPoint"",""coordinates"":[[-62.310911,-38.682282]]}",0104000020E6100000010000000101000000BB7B80EECB274FC022533E04555743C0
PROFÉRTIL,PR,TRANSBA S.A,TRANSBA S.A,0,,132,132,"{""type"":""MultiPoint"",""coordinates"":[[-62.280825,-38.782621]]}",0104000020E61000000100000001010000001973D712F2234FC0D714C8EC2C6443C0
PETROQUÍMICA,PQ,TRANSBA S.A,TRANSBA S.A,95,,132,13.2 | 33,"{""type"":""MultiPoint"",""coordinates"":[[-62.280742,-38.77335]]}",0104000020E61000000100000001010000008B4E965AEF234FC0492EFF21FD6243C0
BANDERA,BAN,TRANSNOA S.A,TRANSNOA S.A,30,2009-04-22,132,13.2 | 33,"{""type"":""MultiPoint"",""coordinates"":[[-62.2791290287064,-28.8756107596299]]}",0104000020E610000001000000010100000044D40080BA234FC0E0A2D80628E03CC0
TORNQUIST,TO,TRANSBA S.A,TRANSBA S.A,15,,132,13.2 | 33,"{""type"":""MultiPoint"",""coordinates"":[[-62.274716,-38.093213]]}",0104000020E61000000100000001010000000ED8D5E429234FC0F1475167EE0B43C0
CT LUIS PIEDRABUENA,LP,TRANSBA S.A,TRANSBA S.A,0,,132,132,"{""type"":""MultiPoint"",""coordinates"":[[-62.253137,-38.786309]]}",0104000020E61000000100000001010000002B3410CB66204FC076C6F7C5A56443C0
BAHÍA BLANCA URBANA,BU,TRANSBA S.A,TRANSBA S.A,80,,132,13.2 | 33,"{""type"":""MultiPoint"",""coordinates"":[[-62.251666,-38.774902]]}",0104000020E6100000010000000101000000F0C16B9736204FC070CD1DFD2F6343C0
NORTE DOS,ND,TRANSBA S.A,TRANSBA S.A,85,,132,13.2 | 33,"{""type"":""MultiPoint"",""coordinates"":[[-62.246667,-38.705353]]}",0104000020E61000000100000001010000005000C5C8921F4FC05891D101495A43C0
PUNTA ALTA,PV,TRANSBA S.A,TRANSBA S.A,30,,132,13.2 | 33,"{""type"":""MultiPoint"",""coordinates"":[[-62.070669,-38.850942]]}",0104000020E6100000010000000101000000A7EB89AE0B094FC07C65DEAAEB6C43C0
CORONEL ROSALES,CR,TRANSBA S.A,TRANSBA S.A,0,,132,132,"{""type"":""MultiPoint"",""coordinates"":[[-62.056471,-38.874724]]}",0104000020E6100000010000000101000000121615713A074FC05E83BEF4F66F43C0
BAHIA BLANCA,BB,TRANSENER S.A,TRANSENER S.A,0,1984-01-01,500,500,"{""type"":""MultiPoint"",""coordinates"":[[-62.0538597297966,-38.6561680298641]]}",0104000020E6100000010000000101000000200629E0E4064FC038796250FD5343C0
BAHÍA BLANCA 500,BB,TRANSBA S.A,TRANSBA S.A,600,,500,13.2 | 132,"{""type"":""MultiPoint"",""coordinates"":[[-62.053094,-38.657901]]}",0104000020E610000001000000010100000092CEC0C8CB064FC0BB809719365443C0
CORONEL SUAREZ,CZ,TRANSBA S.A,TRANSBA S.A,30,,132,13.2 | 33,"{""type"":""MultiPoint"",""coordinates"":[[-61.957094,-37.446747]]}",0104000020E61000000100000001010000005299620E82FA4EC0064B75012FB942C0
PEHUAJÓ,PH,TRANSBA S.A,TRANSBA S.A,26,,66,13.2,"{""type"":""MultiPoint"",""coordinates"":[[-61.877894,-35.835533]]}",0104000020E610000001000000010100000064ADA1D45EF04EC048DDCEBEF2EA41C0
ING. JUAREZ,JUA,TRANSNEA S.A,TRANSNEA S.A,15,2014-01-01,132,13.2 | 33,"{""type"":""MultiPoint"",""coordinates"":[[-61.8124787213905,-23.9180826680753]]}",0104000020E6100000010000000101000000B288804DFFE74EC070683A7707EB37C0
HENDERSON,HE,TRANSBA S.A,TRANSBA S.A,75,,,,"{""type"":""MultiPoint"",""coordinates"":[[-61.673335,-36.346515]]}",0104000020E610000001000000010100000047205ED72FD64EC06649809A5A2C42C0
HENDERSON,HE,TRANSENER S.A,TRANSENER S.A,1000,1972-01-01,500,132 | 220,"{""type"":""MultiPoint"",""coordinates"":[[-61.6700817654792,-36.3468393218204]]}",0104000020E61000000100000001010000008830423DC5D54EC0B8171C3B652C42C0
LINCOLN,LI,TRANSBA S.A,TRANSBA S.A,30,,132,13.2 | 33,"{""type"":""MultiPoint"",""coordinates"":[[-61.519734,-34.857472]]}",0104000020E6100000010000000101000000444FCAA486C24EC02C9E7AA4C16D41C0
CARLOS CASARES,CJ,TRANSBA S.A,TRANSBA S.A,30,,66 | 132,13.2 | 33,"{""type"":""MultiPoint"",""coordinates"":[[-61.358217,-35.63267]]}",0104000020E610000001000000010100000085EFFD0DDAAD4EC085949F54FBD041C0
CORONEL PRINGLES,CF,TRANSBA S.A,TRANSBA S.A,20,,132,13.2,"{""type"":""MultiPoint"",""coordinates"":[[-61.356516,-38.005384]]}",0104000020E61000000100000001010000001840F850A2AD4EC0F9F5436CB00043C0
MONTE HERMOSO,MH,TRANSBA S.A,TRANSBA S.A,15,2012-01-01,132,13.2 | 33,"{""type"":""MultiPoint"",""coordinates"":[[-61.316882,-38.97657]]}",0104000020E61000000100000001010000007558E1968FA84EC09B20EA3E007D43C0
CORONEL DORREGO,CG,TRANSBA S.A,TRANSBA S.A,35,,132,13.2 | 33,"{""type"":""MultiPoint"",""coordinates"":[[-61.253535,-38.717802]]}",0104000020E610000001000000010100000018B2BAD573A04EC06F8099EFE05B43C0
INDIO RICO,IR,TRANSBA S.A,TRANSBA S.A,0,2001-01-01,132,132,"{""type"":""MultiPoint"",""coordinates"":[[-61.091088,-38.250525]]}",0104000020E61000000100000001010000006E8786C5A88B4EC04BEA0434112043C0
COLÓN,CN,TRANSBA S.A,TRANSBA S.A,30,,132,13.2 | 33,"{""type"":""MultiPoint"",""coordinates"":[[-61.076579,-33.921086]]}",0104000020E6100000010000000101000000BB473657CD894EC0D8666325E6F540C0
IMSA,IM,TRANSBA S.A,TRANSBA S.A,20,,132,13.2 | 33,"{""type"":""MultiPoint"",""coordinates"":[[-61.021263,-34.590244]]}",0104000020E6100000010000000101000000B3CEF8BEB8824EC082548A1D8D4B41C0
JUNÍN,JU,TRANSBA S.A,TRANSBA S.A,60,,132,13.2 | 33,"{""type"":""MultiPoint"",""coordinates"":[[-60.916584,-34.571473]]}",0104000020E6100000010000000101000000B804E09F52754EC004C6FA06264941C0
NUEVE DE JULIO,NJ,TRANSBA S.A,TRANSBA S.A,20,,66,13.2,"{""type"":""MultiPoint"",""coordinates"":[[-60.88993,-35.459336]]}",0104000020E610000001000000010100000059DDEA39E9714EC00FF0A485CBBA41C0
SANTO TOME,ST,TRANSENER S.A,TRANSENER S.A,900,1981-01-01,500,132,"{""type"":""MultiPoint"",""coordinates"":[[-60.8625035073247,-31.6587136667616]]}",0104000020E61000000100000001010000009052D283666E4EC0602B7875A1A83FC0
LAPRIDA,LA,TRANSBA S.A,TRANSBA S.A,25,,132,13.2 | 33,"{""type"":""MultiPoint"",""coordinates"":[[-60.818347,-37.530763]]}",0104000020E6100000010000000101000000CEE33098BF684EC0A376BF0AF0C342C0
RIO CORONDA,CN,TRANSENER S.A,TRANSENER S.A,0,2008-07-31,500,500,"{""type"":""MultiPoint"",""coordinates"":[[-60.7939117512005,-32.5780435949335]]}",0104000020E610000001000000010100000080A877E69E654EC070F31F55FD4940C0
ROSARIO OESTE,RO,TRANSENER S.A,TRANSENER S.A,1200,1981-01-01,500,132 | 220,"{""type"":""MultiPoint"",""coordinates"":[[-60.7800065122245,-32.9684299681785]]}",0104000020E6100000010000000101000000E855DE40D7634EC080E56083F57B40C0
ROJAS,RF,TRANSBA S.A,TRANSBA S.A,30,,132,13.2 | 33,"{""type"":""MultiPoint"",""coordinates"":[[-60.702866,-34.197836]]}",0104000020E610000001000000010100000034BC5983F7594EC059FCA6B0521941C0
PERGAMINO,PO,TRANSBA S.A,TRANSBA S.A,90,,132,13.2 | 33,"{""type"":""MultiPoint"",""coordinates"":[[-60.538137,-33.90083]]}",0104000020E61000000100000001010000003FE257ACE1444EC0BAA0BE654EF340C0
LAS LOMITAS,LLO,TRANSNEA S.A,TRANSNEA S.A,30,2013-01-01,132,13.2 | 33,"{""type"":""MultiPoint"",""coordinates"":[[-60.5289679215966,-24.7502677662535]]}",0104000020E6100000010000000101000000F9F18938B5434EC0454D5F8C11C038C0
CHACABUCO INDUSTRIAL,CD,TRANSBA S.A,TRANSBA S.A,15,2000-01-01,132,13.2,"{""type"":""MultiPoint"",""coordinates"":[[-60.509482,-34.608052]]}",0104000020E610000001000000010100000049F3C7B436414EC03A22DFA5D44D41C0
CHACABUCO,CB,TRANSBA S.A,TRANSBA S.A,30,,132,13.2 | 33,"{""type"":""MultiPoint"",""coordinates"":[[-60.466005,-34.655024]]}",0104000020E6100000010000000101000000E162450DA63B4EC02C0C91D3D75341C0
CHACO,CHA,LIMSA,TRANSENER S.A,300,2011-07-31,500,132,"{""type"":""MultiPoint"",""coordinates"":[[-60.4397314145805,-26.8661647462971]]}",0104000020E6100000010000000101000000D552761E49384EC04D4B0AF9BCDD3AC0
BRAGADO,BG,TRANSBA S.A,TRANSBA S.A,365,,132 | 220,13.2 | 33 | 66 | 132,"{""type"":""MultiPoint"",""coordinates"":[[-60.429668,-35.13717]]}",0104000020E6100000010000000101000000A1116C5CFF364EC004FF5BC98E9141C0
PARANA,PA,FUTURA,TRANSENER S.A,600,2015-01-01,500,132,"{""type"":""MultiPoint"",""coordinates"":[[-60.4242475858323,-31.7164052208066]]}",0104000020E61000000100000001010000004847B1BE4D364EC0500C225566B73FC0
OLAVARRIA,OL,TRANSENER S.A,TRANSENER S.A,0,1984-01-01,500,500,"{""type"":""MultiPoint"",""coordinates"":[[-60.3448719765171,-36.8380831614814]]}",0104000020E61000000100000001010000005839D2C3242C4EC010F21C4F466B42C0
OLAVARRÍA 500,OL,TRANSBA S.A,TRANSBA S.A,600,,500,13.2 | 132,"{""type"":""MultiPoint"",""coordinates"":[[-60.343173,-36.839964]]}",0104000020E610000001000000010100000063EFC517ED2B4EC09FE8BAF0836B42C0
LA PAMPITA,LT,TRANSBA S.A,TRANSBA S.A,0,,132,132,"{""type"":""MultiPoint"",""coordinates"":[[-60.294265,-37.037109]]}",0104000020E6100000010000000101000000C1ADBB79AA254EC092B1DAFCBF8442C0
LOMA NEGRA,LN,TRANSBA S.A,TRANSBA S.A,0,,132,132,"{""type"":""MultiPoint"",""coordinates"":[[-60.27335,-36.992846]]}",0104000020E6100000010000000101000000492EFF21FD224EC072FBE593157F42C0
OLAVARRÍA 132,OA,TRANSBA S.A,TRANSBA S.A,90,,132,13.2 | 33,"{""type"":""MultiPoint"",""coordinates"":[[-60.238069,-36.944388]]}",0104000020E61000000100000001010000008198840B791E4EC00F5EBBB4E17842C0
CALERA AVELLANEDA,CV,TRANSBA S.A,TRANSBA S.A,0,,132,132,"{""type"":""MultiPoint"",""coordinates"":[[-60.236532,-36.981796]]}",0104000020E61000000100000001010000008E3A3AAE461E4EC0FCABC77DAB7D42C0
SALTO,SA,TRANSBA S.A,TRANSBA S.A,60,,132,13.2 | 33,"{""type"":""MultiPoint"",""coordinates"":[[-60.232961,-34.301996]]}",0104000020E61000000100000001010000002A1F82AAD11D4EC0ECC20FCEA72641C0
TRES ARROYOS,TY,TRANSBA S.A,TRANSBA S.A,60,,132,13.2 | 33,"{""type"":""MultiPoint"",""coordinates"":[[-60.232337,-38.38479]]}",0104000020E61000000100000001010000004C530438BD1D4EC0F7E978CC403143C0
SAN NICOLAS URBANA,NU,TRANSBA S.A,TRANSBA S.A,88,,,,"{""type"":""MultiPoint"",""coordinates"":[[-60.213687,-33.348374]]}",0104000020E6100000010000000101000000494A7A185A1B4EC06B63EC8497AC40C0
RAMALLO,RA,TRANSENER S.A,TRANSENER S.A,600,2000-11-20,500,132 | 220,"{""type"":""MultiPoint"",""coordinates"":[[-60.180318424784,-33.4105952317404]]}",0104000020E610000001000000010100000020A894AC14174EC0F81B72628EB440C0
SAN NICOLAS,SN,TRANSBA S.A,TRANSBA S.A,60,,132,13.2 | 33,"{""type"":""MultiPoint"",""coordinates"":[[-60.171383,-33.356188]]}",0104000020E6100000010000000101000000910BCEE0EF154EC0249D819197AD40C0
SIDERAR,SID,TRANSBA S.A,TRANSBA S.A,0,2010-01-01,132,132,"{""type"":""MultiPoint"",""coordinates"":[[-60.165476,-33.364878]]}",0104000020E6100000010000000101000000EE224C512E154EC0D3838252B4AE40C0
CHILLAR,CL,TRANSBA S.A,TRANSBA S.A,0,,,,"{""type"":""MultiPoint"",""coordinates"":[[-60.117183,-37.301102]]}",0104000020E6100000010000000101000000D65240DAFF0E4EC04E61A5828AA642C0
ARRECIFES,AS,TRANSBA S.A,TRANSBA S.A,35,,66,13.2 | 33,"{""type"":""MultiPoint"",""coordinates"":[[-60.105769,-34.071604]]}",0104000020E61000000100000001010000001FF7ADD6890D4EC0A321E3512A0941C0
GONZÁLES CHAVEZ,GC,TRANSBA S.A,TRANSBA S.A,20,,132 | 220,13.2 | 33 | 132,"{""type"":""MultiPoint"",""coordinates"":[[-60.075878,-38.046026]]}",0104000020E6100000010000000101000000323ECC5EB6094EC00262122EE40543C0
RAMALLO INDUSTRIAL,RN,TRANSBA S.A,TRANSBA S.A,30,,132,13.2 | 33,"{""type"":""MultiPoint"",""coordinates"":[[-60.047051,-33.460624]]}",0104000020E61000000100000001010000003F1F65C405064EC059E02BBAF5BA40C0
CHIVILCOY,CI,TRANSBA S.A,TRANSBA S.A,60,,132,13.2 | 33,"{""type"":""MultiPoint"",""coordinates"":[[-59.993397,-34.918458]]}",0104000020E6100000010000000101000000E67805A227FF4DC0F25F2008907541C0
AZUL,AZ,TRANSBA S.A,TRANSBA S.A,55,,132,13.2 | 33,"{""type"":""MultiPoint"",""coordinates"":[[-59.878352,-36.76672]]}",0104000020E610000001000000010100000027309DD66DF04DC0359886E1236242C0
SALADILLO,SB,TRANSBA S.A,TRANSBA S.A,60,,132,13.2 | 33,"{""type"":""MultiPoint"",""coordinates"":[[-59.828048,-35.644222]]}",0104000020E610000001000000010100000055C2137AFDE94DC08EAED2DD75D241C0
IBARRETA,IBA,TRANSNEA S.A,TRANSNEA S.A,30,2004-01-01,132,13.2 | 33,"{""type"":""MultiPoint"",""coordinates"":[[-59.8188284689831,-25.2237004031039]]}",0104000020E61000000100000001010000007EA80B5FCFE84DC0E56EFB6D443939C0
CAPITÁN SARMIENTO,CT,TRANSBA S.A,TRANSBA S.A,20,,66,13.2 | 33,"{""type"":""MultiPoint"",""coordinates"":[[-59.7839,-34.171712]]}",0104000020E6100000010000000101000000CEAACFD556E44DC0562AA8A8FA1541C0
ROMANG,RM,TRANSENER S.A,TRANSENER S.A,150,1987-01-01,500,132,"{""type"":""MultiPoint"",""coordinates"":[[-59.7638165626878,-29.4591547631017]]}",0104000020E61000000100000001010000009071BABDC4E14DC01053A32A8B753DC0
SAN PEDRO,SH,TRANSBA S.A,TRANSBA S.A,30,,132,33,"{""type"":""MultiPoint"",""coordinates"":[[-59.727761,-33.779637]]}",0104000020E6100000010000000101000000F226BF4527DD4DC033E02C25CBE340C0
PAPEL PRENSA,PS,TRANSBA S.A,TRANSBA S.A,15,,132,33,"{""type"":""MultiPoint"",""coordinates"":[[-59.629435,-33.725287]]}",0104000020E610000001000000010100000098FA795391D04DC0639B5434D6DC40C0
BARADERO,BD,TRANSBA S.A,TRANSBA S.A,60,,132,13.2 | 33,"{""type"":""MultiPoint"",""coordinates"":[[-59.523969,-33.806689]]}",0104000020E6100000010000000101000000158F8B6A11C34DC07F85CC9541E740C0
GUEMES,GUE,TRANSNEA S.A,TRANSNEA S.A,30,2015-01-01,132,13.2 | 33,"{""type"":""MultiPoint"",""coordinates"":[[-59.4928257713848,-24.7588020740144]]}",0104000020E6100000010000000101000000A65C35EA14BF4DC055074CDA40C238C0
CACHARI,CC,TRANSBA S.A,TRANSBA S.A,0,,,,"{""type"":""MultiPoint"",""coordinates"":[[-59.483974,-36.388264]]}",0104000020E6100000010000000101000000A20E2BDCF2BD4DC0691B7FA2B23142C0
SAN ANTONIO DE ARECO,AA,TRANSBA S.A,TRANSBA S.A,40,,132,13.2 | 33 | 66,"{""type"":""MultiPoint"",""coordinates"":[[-59.462813,-34.248366]]}",0104000020E6100000010000000101000000F294D5743DBB4DC01BB80375CA1F41C0
MERCEDES,MD,TRANSBA S.A,TRANSBA S.A,60,,132,13.2 | 33,"{""type"":""MultiPoint"",""coordinates"":[[-59.431822,-34.666181]]}",0104000020E6100000010000000101000000BED87BF145B74DC0B91B446B455541C0
VILLA LIA,VL,TRANSENER S.A,TRANSENER S.A,0,1981-01-01,220,220,"{""type"":""MultiPoint"",""coordinates"":[[-59.411166908213,-34.1264204530345]]}",0104000020E610000001000000010100000070FC031EA1B44DC018AA9F8B2E1041C0
VILLA LIA,VL,TRANSBA S.A,TRANSBA S.A,150,,220,13.2 | 132,"{""type"":""MultiPoint"",""coordinates"":[[-59.410672,-34.126917]]}",0104000020E610000001000000010100000003B16CE690B44DC03927F6D03E1041C0
BARKER,BK,TRANSBA S.A,TRANSBA S.A,61.5,,132,13.2 | 33,"{""type"":""MultiPoint"",""coordinates"":[[-59.401875,-37.635965]]}",0104000020E61000000100000001010000003D0AD7A370B34DC04833164D67D142C0
COLORADO,COL,TRANSNEA S.A,TRANSNEA S.A,22.5,2007-01-01,132,13.2 | 33,"{""type"":""MultiPoint"",""coordinates"":[[-59.3480523620349,-26.3107749935861]]}",0104000020E6100000010000000101000000291ED4FA8CAC4DC0F3DD31F38E4F3AC0
GENERAL SAN  MARTIN,GSM,TRANSNEA S.A,TRANSNEA S.A,0,2008-01-01,132,132,"{""type"":""MultiPoint"",""coordinates"":[[-59.3222859783221,-26.5581677754298]]}",0104000020E61000000100000001010000002E6DBCAA40A94DC0EB265515E48E3AC0
GOYA,GOY,TRANSNEA S.A,TRANSNEA S.A,75,1981-01-01,132,13.2 | 33,"{""type"":""MultiPoint"",""coordinates"":[[-59.2275327987878,-29.138527438275]]}",0104000020E6100000010000000101000000D0C774CB1F9D4DC06EFDC08876233DC0
ATUCHA,AT1,TRANSENER S.A,TRANSENER S.A,150,1973-01-01,220,132,"{""type"":""MultiPoint"",""coordinates"":[[-59.2061226204769,-33.9685065104081]]}",0104000020E610000001000000010100000008F5DC39629A4DC038157605F8FB40C0
ATUCHA,AT2,TRANSENER S.A,TRANSENER S.A,0,2012-01-01,500,500,"{""type"":""MultiPoint"",""coordinates"":[[-59.2048786665549,-33.971081132681]]}",0104000020E61000000100000001010000002840D276399A4DC05050F5624CFC40C0
LAS FLORES,LF,TRANSBA S.A,TRANSBA S.A,30,,132,13.2 | 33,"{""type"":""MultiPoint"",""coordinates"":[[-59.144164,-36.028305]]}",0104000020E61000000100000001010000005AA148F773924DC01AA88C7F9F0342C0
TANDIL,TD,TRANSBA S.A,TRANSBA S.A,90,,132,13.2 | 33,"{""type"":""MultiPoint"",""coordinates"":[[-59.133678,-37.295333]]}",0104000020E6100000010000000101000000EC18575C1C914DC0FC36C478CDA542C0
LAS PALMAS,LS,TRANSBA S.A,TRANSBA S.A,30,2010-01-01,132,33,"{""type"":""MultiPoint"",""coordinates"":[[-59.127898,-34.081434]]}",0104000020E6100000010000000101000000A69C2FF65E904DC02864E76D6C0A41C0
LUJÁN,LJ,TRANSBA S.A,TRANSBA S.A,100,,132,13.2 | 33 | 66,"{""type"":""MultiPoint"",""coordinates"":[[-59.116032,-34.586827]]}",0104000020E61000000100000001010000000DA5F622DA8E4DC074B4AA251D4B41C0
RESISTENCIA,RS,TRANSENER S.A,TRANSENER S.A,600,1987-01-01,500,132,"{""type"":""MultiPoint"",""coordinates"":[[-59.1072748716977,-27.2987480993948]]}",0104000020E6100000010000000101000000E0CFD82EBB8D4DC090A464C17A4C3BC0
PROTISA,PJ,TRANSBA S.A,TRANSBA S.A,30,,132,6.6 | 13.2,"{""type"":""MultiPoint"",""coordinates"":[[-59.095079,-34.059296]]}",0104000020E6100000010000000101000000A8C4758C2B8C4DC04E64E602970741C0
RAUCH,RU,TRANSBA S.A,TRANSBA S.A,0,2000-01-01,132,132,"{""type"":""MultiPoint"",""coordinates"":[[-59.091411,-36.781104]]}",0104000020E610000001000000010100000051BF0B5BB38B4DC02C634337FB6342C0
EASTMAN,EA,TRANSBA S.A,TRANSBA S.A,0,,,,"{""type"":""MultiPoint"",""coordinates"":[[-59.084806,-34.053271]]}",0104000020E610000001000000010100000096404AECDA8A4DC0A1698995D10641C0
PIRANE,PIR,TRANSNEA S.A,TRANSNEA S.A,30,2004-01-01,132,13.2 | 33,"{""type"":""MultiPoint"",""coordinates"":[[-59.0756859170508,-25.6788739742103]]}",0104000020E61000000100000001010000001C407D13B0894DC0B2564DAFCAAD39C0
ZÁRATE,ZA,TRANSBA S.A,TRANSBA S.A,90,,132,13.2 | 33,"{""type"":""MultiPoint"",""coordinates"":[[-59.049075,-34.104644]]}",0104000020E61000000100000001010000008E06F01648864DC07FDC7EF9640D41C0
LUJÁN II,LD,TRANSBA S.A,TRANSBA S.A,30,2008-01-01,132,13.2 | 33,"{""type"":""MultiPoint"",""coordinates"":[[-59.035308,-34.558616]]}",0104000020E6100000010000000101000000C2A4F8F884844DC0DC82A5BA804741C0
BELLA VISTA,BVI,TRANSNEA S.A,TRANSNEA S.A,45,1981-01-01,132,13.2 | 33,"{""type"":""MultiPoint"",""coordinates"":[[-59.0188708790934,-28.5071525740056]]}",0104000020E6100000010000000101000000CA46685C6A824DC0B26F47C0D4813CC0
CORCEMAR,CO,TRANSBA S.A,TRANSBA S.A,30,,132,13.2 | 33,"{""type"":""MultiPoint"",""coordinates"":[[-59.01795,-34.150403]]}",0104000020E61000000100000001010000004A7B832F4C824DC0321CCF67401341C0
MANUEL BELGRANO,MB,TRANSENER S.A,TRANSENER S.A,0,2008-07-01,500,500,"{""type"":""MultiPoint"",""coordinates"":[[-59.0030899938127,-34.1858233215732]]}",0104000020E6100000010000000101000000682FBF4065804DC0D87E000FC91741C0
CAMPANA 500,CA,TRANSBA S.A,TRANSBA S.A,600,,500,13.2 | 132,"{""type"":""MultiPoint"",""coordinates"":[[-58.998682,-34.171576]]}",0104000020E61000000100000001010000004C8DD0CFD47F4DC0A663CE33F61541C0
CAMPANA,CA,TRANSENER S.A,TRANSENER S.A,0,1992-01-01,500,500,"{""type"":""MultiPoint"",""coordinates"":[[-58.9979402285594,-34.1731659098992]]}",0104000020E610000001000000010100000040836281BC7F4DC050E6EF4C2A1641C0
RESISTENCIA NORTE,RNO,TRANSNEA S.A,TRANSNEA S.A,30,2007-01-01,132,13.2 | 33,"{""type"":""MultiPoint"",""coordinates"":[[-58.9870680783192,-27.4119942854772]]}",0104000020E61000000100000001010000003CA72D3F587E4DC067431E7578693BC0
PRAXAIR,PX,TRANSBA S.A,TRANSBA S.A,0,,132,132,"{""type"":""MultiPoint"",""coordinates"":[[-58.984973,-34.157565]]}",0104000020E6100000010000000101000000B4386398137E4DC043FF04172B1441C0
CAMPANA 132,CM,TRANSBA S.A,TRANSBA S.A,60,,132,13.2 | 33,"{""type"":""MultiPoint"",""coordinates"":[[-58.976325,-34.159162]]}",0104000020E610000001000000010100000034A2B437F87C4DC00B62A06B5F1441C0
CAMPANA TRES,CP,TRANSBA S.A,TRANSBA S.A,80,2010-01-01,132,13.2 | 33,"{""type"":""MultiPoint"",""coordinates"":[[-58.959455,-34.23322]]}",0104000020E6100000010000000101000000E97DE36BCF7A4DC0F6622827DA1D41C0
RODRIGUEZ,RD,TRANSENER S.A,TRANSENER S.A,0,1973-01-01,500,500,"{""type"":""MultiPoint"",""coordinates"":[[-58.931511842838,-34.5304021795686]]}",0104000020E6100000010000000101000000B869B2C73B774DC0B87CF737E44341C0
BARRANQUERAS,BAR,TRANSNEA S.A,TRANSNEA S.A,0,1973-01-01,132,13.2 | 33,"{""type"":""MultiPoint"",""coordinates"":[[-58.9282842477491,-27.4906723693283]]}",0104000020E6100000010000000101000000B5BCAA04D2764DC0E95053B49C7D3BC0
ROSAS,RO,TRANSBA S.A,TRANSBA S.A,0,,132,132,"{""type"":""MultiPoint"",""coordinates"":[[-58.913838,-35.868974]]}",0104000020E6100000010000000101000000C8EBC1A4F8744DC083893F8A3AEF41C0
CORRIENTES CENTRO,CCE,TRANSNEA S.A,TRANSNEA S.A,96,1973-01-01,132,13.2 | 33,"{""type"":""MultiPoint"",""coordinates"":[[-58.8534176545617,-27.4701415010188]]}",0104000020E6100000010000000101000000F7152ACA3C6D4DC0305E83315B783BC0
SARMIENTO,SAR,TRANSNEA S.A,TRANSNEA S.A,50,2011-01-01,132,13.2 | 33,"{""type"":""MultiPoint"",""coordinates"":[[-58.8381931130355,-27.4855887409003]]}",0104000020E6100000010000000101000000271C74E9496B4DC0FA78318B4F7C3BC0
NEWTON,NW,TRANSBA S.A,TRANSBA S.A,0,2000-01-01,132,6.6,"{""type"":""MultiPoint"",""coordinates"":[[-58.821942,-35.934346]]}",0104000020E6100000010000000101000000BB9A3C6535694DC0FF9254A698F741C0
MONTE,ME,TRANSBA S.A,TRANSBA S.A,44,,132,13.2 | 33,"{""type"":""MultiPoint"",""coordinates"":[[-58.81062,-35.419844]]}",0104000020E6100000010000000101000000E4BD6A65C2674DC0FEB5BC72BDB541C0
SANTA CATALINA,SCA,TRANSNEA S.A,TRANSNEA S.A,150,1981-01-01,132,13.2 | 33,"{""type"":""MultiPoint"",""coordinates"":[[-58.7978949158399,-27.5136333804923]]}",0104000020E6100000010000000101000000AB96AC6B21664DC030592B7A7D833BC0
CAMPO DE LINEA COLONIA BRUGNE,CBR,TRANSNEA S.A,TRANSNEA S.A,30,2014-01-01,132,13.2 | 33,"{""type"":""MultiPoint"",""coordinates"":[[-58.7787074622475,-28.0945837232689]]}",0104000020E61000000100000001010000008BC0A5AFAC634DC0892C8EA336183CC0
EZEIZA,EZ,TRANSENER S.A,TRANSENER S.A,4150,1982-01-01,500,132 | 220,"{""type"":""MultiPoint"",""coordinates"":[[-58.7256905174863,-34.911666382332]]}",0104000020E610000001000000010100000080CF476DE35C4DC0487DE87BB17441C0
NECOCHEA,NE,TRANSBA S.A,TRANSBA S.A,55,,132,13.2 | 33,"{""type"":""MultiPoint"",""coordinates"":[[-58.711634,-38.578568]]}",0104000020E61000000100000001010000005F5CAAD2165B4DC08D4127840E4A43C0
QUEQUÉN,QU,TRANSBA S.A,TRANSBA S.A,15,,132,13.2 | 33,"{""type"":""MultiPoint"",""coordinates"":[[-58.704183,-38.558515]]}",0104000020E610000001000000010100000018B325AB225A4DC0A8A9656B7D4743C0
PASO DE LA PATRIA,PT,ENECOR,TRANSENER S.A,300,1998-06-26,500,132,"{""type"":""MultiPoint"",""coordinates"":[[-58.6873637869107,-27.3839186065953]]}",0104000020E61000000100000001010000003B9E5C89FB574DC015A7637D48623BC0
MANSILLA,MAN,TRANSNEA S.A,TRANSNEA S.A,30,2015-01-01,132,13.2 | 33,"{""type"":""MultiPoint"",""coordinates"":[[-58.6183737012372,-26.6545009330142]]}",0104000020E610000001000000010100000092C293DE264F4DC0527F865F8DA73AC0
COLONIA ELIA,CE,TRANSENER S.A,TRANSENER S.A,0,1981-01-01,500,500,"{""type"":""MultiPoint"",""coordinates"":[[-58.2938816800393,-32.6015794091207]]}",0104000020E6100000010000000101000000C85436EA9D254DC0680FD88D004D40C0
LAGUNA BLANCA,LBL,TRANSNEA S.A,TRANSNEA S.A,30,2014-01-01,132,13.2 | 33,"{""type"":""MultiPoint"",""coordinates"":[[-58.2587755353106,-25.129687112472]]}",0104000020E6100000010000000101000000FE94868E1F214DC0A3C7B22C332139C0
BALCARCE,BL,TRANSBA S.A,TRANSBA S.A,45,,132,13.2 | 33,"{""type"":""MultiPoint"",""coordinates"":[[-58.226929,-37.857291]]}",0104000020E6100000010000000101000000CAC16C020C1D4DC0DB1324B6BBED42C0
FORMOSA I,FORI,TRANSNEA S.A,TRANSNEA S.A,195,1982-01-01,132,13.2 | 33,"{""type"":""MultiPoint"",""coordinates"":[[-58.2099975783033,-26.1747430066627]]}",0104000020E6100000010000000101000000A1865D33E11A4DC030D22AF5BB2C3AC0
FORMOSA II,FORII,TRANSNEA S.A,TRANSNEA S.A,60,2014-01-01,132,13.2 | 33,"{""type"":""MultiPoint"",""coordinates"":[[-58.1947577856953,-26.1373648833517]]}",0104000020E6100000010000000101000000EC19B8D2ED184DC04F9D51582A233AC0
ABASTO,AB,TRANSENER S.A,TRANSENER S.A,0,1984-01-01,500,500,"{""type"":""MultiPoint"",""coordinates"":[[-58.1644430823425,-34.9681051151397]]}",0104000020E6100000010000000101000000705B8E780C154DC0C84E50DEEA7B41C0
CHASCOMÚS,CU,TRANSBA S.A,TRANSBA S.A,45,,132,13.2 | 33,"{""type"":""MultiPoint"",""coordinates"":[[-57.966406,-35.569684]]}",0104000020E61000000100000001010000003F541A31B3FB4CC0F986C267EBC841C0
SALTO GRANDE,SG,CTMSG,TRANSENER S.A,0,1981-01-01,500,132,"{""type"":""MultiPoint"",""coordinates"":[[-57.9631435265704,-31.2788331464833]]}",0104000020E6100000010000000101000000A8FC7D4948FB4CC0C02FED9B61473FC0
MIRAMAR,MR,TRANSBA S.A,TRANSBA S.A,30,,132,13.2 | 33,"{""type"":""MultiPoint"",""coordinates"":[[-57.825456,-38.248151]]}",0104000020E6100000010000000101000000BC24CE8AA8E94CC01FBC7669C31F43C0
LAS ARMAS,LM,TRANSBA S.A,TRANSBA S.A,11,,132,13.2 | 33,"{""type"":""MultiPoint"",""coordinates"":[[-57.81903,-37.077627]]}",0104000020E6100000010000000101000000B0389CF9D5E84CC0AF2479AEEF8942C0
CLORINDA,CLO,TRANSNEA S.A,TRANSNEA S.A,150,1987-11-28,132 | 220,13.2 | 33 | 132,"{""type"":""MultiPoint"",""coordinates"":[[-57.7286114922457,-25.3082090649796]]}",0104000020E6100000010000000101000000B157312443DD4CC00A6B0ECAE64E39C0
MERCEDES,ME,LIMSA,TRANSENER S.A,300,2008-12-23,500,132,"{""type"":""MultiPoint"",""coordinates"":[[-57.7017737848242,-29.3561331541927]]}",0104000020E610000001000000010100000045812FB9D3D94CC07847DA8A2B5B3DC0
DOLORES,DO,TRANSBA S.A,TRANSBA S.A,30,,132,13.2 | 33,"{""type"":""MultiPoint"",""coordinates"":[[-57.692836,-36.328177]]}",0104000020E6100000010000000101000000E8BE9CD9AED84CC0522635B4012A42C0
MONTE CASEROS,MCA,TRANSNEA S.A,TRANSNEA S.A,30,1981-01-01,132,13.2 | 33,"{""type"":""MultiPoint"",""coordinates"":[[-57.6688225872083,-30.2473440600304]]}",0104000020E6100000010000000101000000607181FA9BD54CC0CBB0B8F0513F3EC0
MAR DEL PLATA,MP,TRANSBA S.A,TRANSBA S.A,0,,132,132,"{""type"":""MultiPoint"",""coordinates"":[[-57.618491,-37.996081]]}",0104000020E610000001000000010100000067EF8CB62ACF4CC05F950B957FFF42C0
GENERAL MADARIAGA,GD,TRANSBA S.A,TRANSBA S.A,20,,132,13.2 | 33,"{""type"":""MultiPoint"",""coordinates"":[[-57.139766,-37.011265]]}",0104000020E6100000010000000101000000DF8B2FDAE3914CC0734BAB21718142C0
MANIOBRAS PASO DE LOS LIBRES,PLI,TRANSNEA S.A,TRANSNEA S.A,0,1981-01-01,132,132,"{""type"":""MultiPoint"",""coordinates"":[[-57.1141533726401,-29.7282897898412]]}",0104000020E6100000010000000101000000D61BE5939C8E4CC0F9601D3371BA3DC0
VILLA GESELL,VG,TRANSBA S.A,TRANSBA S.A,85,,132,13.2 | 33,"{""type"":""MultiPoint"",""coordinates"":[[-56.997182,-37.247644]]}",0104000020E61000000100000001010000007714E7A8A37F4CC07B8670CCB29F42C0
VALERIA DEL MAR,VA,TRANSBA S.A,TRANSBA S.A,30,2010-01-01,132,13.2 | 33,"{""type"":""MultiPoint"",""coordinates"":[[-56.919389,-37.148254]]}",0104000020E6100000010000000101000000ADA6EB89AE754CC027C0B0FCF99242C0
PINAMAR,PM,TRANSBA S.A,TRANSBA S.A,45,,132,13.2 | 33,"{""type"":""MultiPoint"",""coordinates"":[[-56.879656,-37.095689]]}",0104000020E610000001000000010100000076DD5B9198704CC021CB82893F8C42C0
SAN CLEMENTE,SE,TRANSBA S.A,TRANSBA S.A,30,,132,13.2 | 33,"{""type"":""MultiPoint"",""coordinates"":[[-56.719809,-36.381824]]}",0104000020E6100000010000000101000000E82E89B3225C4CC0F969DC9BDF3042C0
MAR DEL TUYU,MU,TRANSBA S.A,TRANSBA S.A,20,,132,13.2 | 33,"{""type"":""MultiPoint"",""coordinates"":[[-56.713969,-36.57612]]}",0104000020E6100000010000000101000000CDAD1056635B4CC02849D74CBE4942C0
LAS TONINAS,LO,TRANSBA S.A,TRANSBA S.A,30,,132,13.2 | 33,"{""type"":""MultiPoint"",""coordinates"":[[-56.711191,-36.473886]]}",0104000020E6100000010000000101000000D21A834E085B4CC02104E44BA83C42C0
RINCÓN SANTA MARÍA,RI,YACILEC/LITSA/CTM/TESA,TRANSENER S.A,300,1995-09-05,500,132 | 500,"{""type"":""MultiPoint"",""coordinates"":[[-56.6974741140223,-27.4887746192206]]}",0104000020E61000000100000001010000002BC4EED446594CC0D6AA5C55207D3BC0
MAR DE AJO,MJ,TRANSBA S.A,TRANSBA S.A,89,,132,13.2 | 33,"{""type"":""MultiPoint"",""coordinates"":[[-56.694555,-36.719797]]}",0104000020E6100000010000000101000000FB22A12DE7584CC02461DF4E225C42C0
LA CRUZ,LCR,TRANSNEA S.A,TRANSNEA S.A,15,2002-01-01,132,13.2 | 33,"{""type"":""MultiPoint"",""coordinates"":[[-56.660839487103,-29.1632825810788]]}",0104000020E6100000010000000101000000A681686396544CC079BD21E3CC293DC0
VIRASORO,VIR,TRANSNEA S.A,TRANSNEA S.A,30,2002-01-01,132,13.2 | 33,"{""type"":""MultiPoint"",""coordinates"":[[-56.0138929395235,-28.0640287578199]]}",0104000020E61000000100000001010000000E736C3EC7014CC003D74C3064103CC0
SAN ISIDRO,SI,LITSA,TRANSENER S.A,600,2008-05-07,500,132,"{""type"":""MultiPoint"",""coordinates"":[[-55.9157369089838,-27.4420391033452]]}",0104000020E6100000010000000101000000A9E9F5DD36F54BC0C46B847929713BC0
GARABI,GA,CTM/TESA,CTM/TESA,0,,,,"{""type"":""MultiPoint"",""coordinates"":[[-55.6719637212055,-28.2558171498897]]}",0104000020E61000000100000001010000008F563FE802D64BC04688943B7D413CC0
