alma_id,alma_name,latitude,longitude,voltage_kv,region,coordinate_status
310.0,MALAVER,-34.5615859466028,-58.555417902493,132,GBA,VALID
338.0,MUNRO,-34.5445895165811,-58.5228556384448,132,GBA,VALID
5035.0,TECNOPOLIS,-34.5625509822744,-58.5149772609302,132,GBA,VALID
130.0,COGHLAN,-34.5607024534237,-58.4863871956014,132,GBA,VALID
327.0,MIGUELETES,-34.5797747586217,-58.5275244848962,132,GBA,VALID
9.0,AGRONOMÍA,-34.5951936245949,-58.4933564237554,132,GBA,VALID
124.0,CIUDADELA ,-34.6237557467029,-58.5466482560138,132,GBA,VALID
504.0,S. RITA,-34.6116499393862,-58.4839403321939,132,GBA,VALID
2773.0,URQUIZA,-34.5779492617502,-58.4829851064282,132,GBA,VALID
623.0,AUSTRIA,-34.587981072164,-58.4050162647115,132,GBA,VALID
2613.0,SUAREZ,-34.5290672167415,-58.5674115218936,132,GBA,VALID
559.0,V. ADELINA,-34.5266966955254,-58.5431602033992,132,GBA,VALID
131.0,COLEGIALES,-34.5776355712169,-58.4435402653758,132,GBA,VALID
226.0,GÜEMES,-34.5822003878424,-58.4223286141835,132,GBA,VALID
325.0,MELO ,-34.6677066493595,-58.742303714428,132,GBA,VALID
1154.0,VIDAL,-34.5635907616989,-58.4603615916681,132,GBA,VALID
4133.0,SAAVEDRA,-34.5463749619458,-58.4754278883326,132,GBA,VALID
421.0,PUERTO NUEVO,-34.5760526861,-58.3772198269,132,GBA,VALID
336.0,MORON,-34.5963324754105,-58.6713355801208,132,GBA,VALID
93.0,CASEROS,-34.6020386011984,-58.5624764466628,132,GBA,VALID
96.0,CASTELAR,-34.6429073577056,-58.6229947096934,132,GBA,VALID
5496.0,ARA SAN JUAN,-34.5306626498071,-58.6979586482466,132,GBA,VALID
346.0,NOGUES,-34.5082694568217,-58.7259459030139,132,GBA,VALID
5003.0,JOSE C PAZ,-34.5106790370365,-58.7939051615671,132,GBA,VALID
431.0,R. MEJÍA,-34.6358790265155,-58.5700963321081,132,GBA,VALID
630.0,SEVEL,-34.5966585624139,-58.5819523240381,132,GBA,VALID
1153.0,MUÑIZ,-34.560648084306,-58.7375799373376,132,GBA,VALID
528.0,TALAR,-34.4754669935879,-58.6586084180355,132,GBA,VALID
41.0,BANCALARI,-34.483231230587,-58.6174119858926,132,GBA,VALID
57.0,BOULOGNE,-34.4911489196151,-58.5637377882447,132,GBA,VALID
168.0,EDISON,-34.4998774592772,-58.5149325599408,132,GBA,VALID
352.0,NUEVO PUERTO,-34.5714883333,-58.3846865141,132,GBA,VALID
477.0,SAN ISIDRO,-34.46935759129,-58.5137331980007,132,GBA,VALID
535.0,TIGRE,-34.428825559909,-58.5816621974223,132,GBA,VALID
557.0,VICTORIA,-34.4618959848525,-58.5476894452211,132,GBA,VALID
2014.0,SAN FERNANDO,-34.4652087391278,-58.5922176543912,132,GBA,VALID
4373.0,NORDELTA,-34.4091240855451,-58.6284098047834,132,GBA,VALID
555.0,V. LOPEZ,-34.5171187402306,-58.4880019328922,132,GBA,VALID
286.0,LIBERTADOR,-34.5527664516937,-58.4498589222021,132,GBA,VALID
4856.0,ANIVERSARIO,-34.5325866137384,-58.4643873456108,132,GBA,VALID
5211.0,AGUAS,-34.5534226367976,-58.4342643816739,132,GBA,VALID
319.0,MATHEU,-34.3931233654377,-58.8368447167794,132,GBA,VALID
652.0,MASCHWITZ,-34.375858951699,-58.754264323867,132,GBA,VALID
54.0,BENAVIDEZ,-34.4325498410212,-58.7120775928744,132,GBA,VALID
200.0,FORD,-34.4435894030776,-58.7017839864989,132,GBA,VALID
153.0,DEL VISO,-34.4634369802981,-58.7819596816939,132,GBA,VALID
492.0,SAN MIGUEL,-34.5414399700896,-58.7647141258164,132,GBA,VALID
2053.0,TORTUGUITAS,-34.4682665997787,-58.7397688244562,132,GBA,VALID
5003.0,J.C PAZ,-34.5106790370365,-58.7939051615671,132,GBA,VALID
273.0,CATONAS,-34.6188056955446,-58.7594653709431,132,GBA,VALID
312.0,MALVINAS,-34.5763806134752,-58.9395977502627,132,GBA,VALID
400.0,PILAR,-34.4173062241523,-58.9560817277534,132,GBA,VALID
753.0,DERQUI,-34.4428090133914,-58.8704263789241,132,GBA,VALID
2673.0,MANZONE,-34.4608367469577,-58.9261600831479,132,GBA,VALID
4855.0,PARQUE,-34.4038210898978,-58.9854440886438,132,GBA,VALID
55.0,BLANCO,-34.603788991644,-58.3768766478174,132,GBA,VALID
239.0,INDEPENDENCIA,-34.6221437726,-58.4117712094,132,GBA,VALID
356.0,ONCE,-34.6079029502679,-58.398256099648,132,GBA,VALID
387.0,PELLEGRINI,-34.6075225817975,-58.3811789461529,132,GBA,VALID
410.0,POZOS,-34.6144844073194,-58.3930171436507,132,GBA,VALID
433.0,RECONQUISTA,-34.5989653750843,-58.3729266134431,132,GBA,VALID
449.0,RIVADAVIA,-34.6080093625638,-58.3760651529268,132,GBA,VALID
2173.0,CHARCAS,-34.5973017908848,-58.3723075189586,132,GBA,VALID
389.0,PERITO MORENO,-34.6493017487778,-58.4772173033373,132,GBA,VALID
33.0,AUTODROMO,-34.6816772982728,-58.4701146599216,132,GBA,VALID
73.0,CABALLITO,-34.621743328128,-58.4353496686407,132,GBA,VALID
135.0,CONSTITUCIÓN,-34.6298311890251,-58.3863271247558,132,GBA,VALID
144.0,COSTANERA,-34.6259811867732,-58.3409793810098,220,GBA,VALID
295.0,LINIERS,-34.657953737757,-58.5005608478862,132,GBA,VALID
351.0,POMPEYA,-34.6506097312986,-58.4283735634114,132,GBA,VALID
379.0,PATRICIOS,-34.6352973487369,-58.4040342183525,132,GBA,VALID
16.0,ALBERDI,-34.6322983616078,-58.4653474712929,133,GBA,VALID
2153.0,LURO,-34.6194892680941,-58.5082173891844,132,GBA,VALID
1.0,9 DE JULIO,-34.6657767477522,-58.36663943346,132,GBA,VALID
4633.0,PIÑEYRO,-34.6668288098881,-58.3927035490153,132,GBA,VALID
552.0,V. ALSINA,-34.684401927937,-58.4321559548509,132,GBA,VALID
142.0,CORINA,-34.7000512600838,-58.3639298657744,132,GBA,VALID
182.0,ESCALADA,-34.7211536067857,-58.3884672706032,132,GBA,VALID
206.0,GERLI,-34.6880504613537,-58.3972781795344,132,GBA,VALID
45.0,BARRACAS,-34.6543050098432,-58.3819423015163,132,GBA,VALID
360.0,P. GALDOS,-34.6284527092751,-58.3579055477726,132,GBA,VALID
231.0,HERNANDARIAS,-34.6357183299496,-58.3681083767535,132,GBA,VALID
358.0,P. CENTENARIO,-34.6039237117338,-58.4330183400989,132,GBA,VALID
561.0,V. CRESPO,-34.5966079795,-58.447548282,132,GBA,VALID
56.0,BOSQUES,-34.8378403761428,-58.2184237038495,132,GBA,VALID
425.0,QUILMES,-34.7373633894295,-58.277674835975,132,GBA,VALID
75.0,CALCHAQUÍ,-34.761073228559,-58.276816576972,132,GBA,VALID
189.0,EZPELETA,-34.7781631440536,-58.2368882775225,132,GBA,VALID
2475.0,ZUCAMOR,-34.8009487100568,-58.2172473503389,132,GBA,VALID
,AYSA BERNAL,,,132,GBA,MISSING
522.0,SOBRAL,-34.7450127599377,-58.2338018461079,132,GBA,VALID
442.0,RIGOLLEAU,-34.7696717309874,-58.2071022887909,132,GBA,VALID
228.0,GUTIERREZ,-34.8385381268345,-58.187453109117,132,GBA,VALID
510.0,SARANDI,-34.694601244949,-58.3360667073092,132,GBA,VALID
162.0,DON BOSCO,-34.6997708240352,-58.3078129309642,132,GBA,VALID
306.0,MACIEL,-34.6515946647226,-58.3365398500929,132,GBA,VALID
517.0,SHELL,-34.6500423002396,-58.3326171663165,132,GBA,VALID
198.0,VARELA,-34.8170050688649,-58.2709518071183,132,GBA,VALID
333.0,CHINGOLO,-34.7414526357054,-58.3218284105161,132,GBA,VALID
5217.0,P. NOVAK,-34.8187369502107,-58.2875863510023,132,GBA,VALID
6.0,ABASTO,-34.9682263247012,-58.1649273226004,500,GBA,VALID
4990.0,HUDSON,-34.7678261450376,-58.1678580281845,220,GBA,VALID
19.0,BROWN,-34.8384828110708,-58.4036009626057,132,GBA,VALID
61.0,BURZACO,-34.8363153069853,-58.384017802855,132,GBA,VALID
79.0,CALZADA,-34.8096051677933,-58.344279310685,132,GBA,VALID
194.0,ROCA,-34.7867632547697,-58.3967596480531,132,GBA,VALID
533.0,TEMPERLEY,-34.7632811292338,-58.3951600403282,132,GBA,VALID
4333.0,HÉROES DE MALVINAS,-34.7404964619194,-58.3987581261484,132,GBA,VALID
4673.0,ANGELETTI,-34.8415533441663,-58.4021815342546,132,GBA,VALID
4674.0,GLEW,-34.8871598429131,-58.3953072097404,132,GBA,VALID
2553.0,ZAPPALORTO,-34.7234010105257,-58.74186916923,132,GBA,VALID
5216.0,LIBERTAD,-34.6910346757624,-58.7233574343535,132,GBA,VALID
325.0,MERLO,-34.6677066493595,-58.742303714428,132,GBA,VALID
264.0,LA REJA,-34.6366847679836,-58.8233514227766,132,GBA,VALID
245.0,ITUZAINGO,-34.6798845810364,-58.6715771207562,132,GBA,VALID
4849.0,PASO DEL REY,-34.6718377999153,-58.7972377922789,132,GBA,VALID
5209.0,GAONA,-34.6016952307301,-58.8954465251121,132,GBA,VALID
1913.0,PANTANOSA,-34.7491852562826,-58.6653272346832,132,GBA,VALID
1933.0,M. PAZ,-34.7810438799758,-58.8249442393901,132,GBA,VALID
1934.0,PONTEVEDRA,-34.7262859181325,-58.7016300259749,132,GBA,VALID
236.0,CASANOVA,-34.6994858638508,-58.5831847819035,132,GBA,VALID
530.0,TAPIALES,-34.7041446135696,-58.4984152003785,132,GBA,VALID
4.0,A. DE LAFERRERE,-34.7711563225895,-58.60527944957,132,GBA,VALID
207.0,G. CATÁN,-34.7836285487847,-58.6310822362621,132,GBA,VALID
322.0,M. BENZ,-34.8780128091355,-58.6831334441286,132,GBA,VALID
3833.0,EL PINO,-34.8804770911117,-58.6804706405553,132,GBA,VALID
259.0,MATANZA,-34.6940318534313,-58.5303578399384,132,GBA,VALID
505.0,SANTA ROSA,-34.6876659365836,-58.5359035134958,132,GBA,VALID
485.0,SAN JUSTO,-34.669188547981,-58.5524525076045,132,GBA,VALID
4353.0,LUZURIAGA,-34.6711500432519,-58.5954038834117,132,GBA,VALID
5212.0,AEROCLUB,-34.7277215087882,-58.5972345183521,132,GBA,VALID
3534.0,TRANSRADIO,-34.7525111228468,-58.4627630663784,132,GBA,VALID
167.0,ECHEVERRÍA,-34.8417926603166,-58.5056677640369,132,GBA,VALID
462.0,SANTA CATALINA,-34.7802790826389,-58.4226009463672,132,GBA,VALID
260.0,LA PLATA,-34.9337229586893,-58.015625046979,132,GBA,VALID
381.0,PAZ,-34.9336151250531,-57.9599053771081,132,GBA,VALID
451.0,ROCHA,-34.9079787970634,-57.9517721065108,132,GBA,VALID
538.0,TOLOSA,-34.8988591531718,-57.9763273719688,132,GBA,VALID
157.0,DIQUE,-34.8897915942369,-57.9322787123673,132,GBA,VALID
2953.0,SUR,,,133,GBA,MISSING
5137.0,ESTE,-34.9343846210315,-57.8826314483541,132,GBA,VALID
254.0,KAISER,-35.003482075889,-58.1205813364165,132,GBA,VALID
3113.0,MAFISSA,-34.9826649999558,-58.0338853369344,132,GBA,VALID
123.0,CITY BELL,-34.8806317848532,-58.0597648978467,132,GBA,VALID
554.0,VERONICA,-35.3815683882151,-57.3633183001981,132,GBA,VALID
141.0,CORDOBA SUROESTE,-31.4626814006391,-64.2385516048341,132,CENTRO,VALID
427.0,R. DEL BUSTO,-31.358325653918,-64.2176277084137,132,CENTRO,VALID
2333.0,GUINAZU,-31.3332676136757,-64.1654960236492,132,CENTRO,VALID
47.0,BARRIO JARDIN,-31.458099376901,-64.1705774761291,132,CENTRO,VALID
136.0,CORDOBA CENTRO,-31.4142934134429,-64.1751475874791,132,CENTRO,VALID
137.0,CORDOBA ESTE,-31.4289541639138,-64.1352903726091,132,CENTRO,VALID
138.0,CORDOBA NORTE,-31.3734746040997,-64.1657722391705,132,CENTRO,VALID
139.0,CORDOBA OESTE,-31.3931069098118,-64.2067571438541,132,CENTRO,VALID
140.0,CORDOBA SUR,-31.4388801833327,-64.17068020091,132,CENTRO,VALID
163.0,DON BOSCO CDBA,-31.3756104544852,-64.2578387530833,132,CENTRO,VALID
305.0,M. DEL ABASTO,-31.3898936040242,-64.1006196177728,132,CENTRO,VALID
350.0,NUEVA CORDOBA,-31.4313463506168,-64.190257261318,132,CENTRO,VALID
4917.0,MENDIOLAZA,-31.2645643142584,-64.2712274172798,132,CENTRO,VALID
4953.0,LA TABLADA CDBA,-31.4079813872306,-64.1854451760405,132,CENTRO,VALID
5192.0,MONTE CRISTO,-31.3605471604746,-63.9734098523327,132,CENTRO,VALID
5203.0,INTERFABRICA CBA,-31.4669514258585,-64.1251959508362,132,CENTRO,VALID
5427.0,CALASANZ,-31.4176197512696,-64.1986698899266,132,CENTRO,VALID
91.0,CARLOS PAZ,-31.4119341549132,-64.4823882751404,132,CENTRO,VALID
190.0,F. CAÑETE,-31.5227356699364,-64.4636900822996,132,CENTRO,VALID
258.0,LA FALDA,-31.0991832261098,-64.4759805316044,132,CENTRO,VALID
308.0,MALAGUEÑO,-31.4830484289643,-64.3490948826163,132,CENTRO,VALID
572.0,YOCSINA,-31.4438972085937,-64.3683409409537,132,CENTRO,VALID
1294.0,BIALET MASSE,-31.323358417986,-64.4848883969027,132,CENTRO,VALID
5141.0,S. A. ARREDONDO,-31.4654891637263,-64.5122789035202,132,CENTRO,VALID
475.0,SAN FRANCISCO,-31.4391216922548,-62.111660133163,132,CENTRO,VALID
565.0,VILLA MARIA,-32.4306049014435,-63.1923111283614,132,CENTRO,VALID
5264.0,AFISA,-30.9403715900771,-62.0503939326307,132,CENTRO,VALID
5294.0,MORTEROS,-30.7198055191707,-61.992402501836,132,CENTRO,VALID
244.0,ISLA VERDE,-33.242326753194,-62.395231774659,132,CENTRO,VALID
269.0,LA VIÑA,-31.8726151107414,-65.0371545941181,132,CENTRO,VALID
562.0,DOLORES,-31.9708160487805,-65.1643666796314,132,CENTRO,VALID
214.0,GRAL. LEVALLE,-34.0365829677215,-63.9221678208356,132,CENTRO,VALID
566.0,VILLA MERCEDES,-33.6439925538717,-65.4636578655661,132,CENTRO,VALID
3953.0,V. MERCEDES SUR,-33.6837426869522,-65.4856984340783,132,CENTRO,VALID
4947.0,ENCADENADAS,-34.0137932947188,-65.3492922288097,132,CENTRO,VALID
268.0,LA TOMA,-33.0476365541675,-65.6241538712657,132,CENTRO,VALID
507.0,SANTA ROSA S.LUIS,-32.3408907962898,-65.1723414939452,132,CENTRO,VALID
5205.0,MERLO SAN LUIS,-32.3470990468678,-65.0282204660384,132,CENTRO,VALID
5206.0,TILISARAO S. LUIS,-32.6910776085923,-65.2415100566048,132,CENTRO,VALID
302.0,LUJÁN DE CUYO,-33.0545473675512,-68.9805644120328,132,CUYO,VALID
364.0,P.I.P.,-33.0595914804235,-68.9951419723756,132,CUYO,VALID
567.0,VILLANUEVA,-32.9100267036104,-68.7781771809052,132,CUYO,VALID
452.0,RODEO DE LA CRUZ,-32.9147707813251,-68.7439235724477,132,CUYO,VALID
276.0,LAS HERAS,-32.8631076225659,-68.8084789635634,132,CUYO,VALID
4193.0,BOULOGNE,-32.8619669613973,-68.8593500675834,132,CUYO,VALID
5349.0,CERRO DE LA GLORIA,-32.8827119242705,-68.8976487802166,132,CUYO,VALID
2853.0,VILLA HIPÓDROMO,-32.9347658891608,-68.8780373050725,132,CUYO,VALID
491.0,SAN MARTÍN,-32.8995990281816,-68.8429012068081,132,CUYO,VALID
224.0,GUAYMALLEN,-32.8837180960136,-68.8278507469948,133,CUYO,VALID
4850.0,TUPUNGATO,-33.4319903892951,-69.1907507264407,132,CUYO,VALID
148.0,CRUZ DE PIEDRA,-33.035278,-68.797847,132,CUYO,VALID
22.0,ANCHORIS,-33.3133538360509,-68.8901145876257,132,CUYO,VALID
87.0,CAPIZ,-33.672325,-68.9797333333333,132,CUYO,VALID
546.0,BAJO RÍO TUNUYAN,-33.2925860731445,-68.3272291859113,132,CUYO,VALID
304.0,MONTECASEROS,-33.0056810085711,-68.4190869524262,132,CUYO,VALID
4842.0,COLON BA 132,-33.9210862162532,-61.076579345094,132,BUENOS AIRES,VALID
145.0,CPTAN SARMIENTO,-34.1717118940794,-59.7838996404459,66,BUENOS AIRES,VALID
388.0,PERGAMINO,-33.9008296919722,-60.538137268149,132,BUENOS AIRES,VALID
237.0,I.M.S.A.,-34.5902440162386,-61.0212625776731,132,BUENOS AIRES,VALID
253.0,JUNIN,-34.571473347771,-60.9165843832121,132,BUENOS AIRES,VALID
294.0,LINCOLN,-34.857472063218,-61.5197336266514,132,BUENOS AIRES,VALID
454.0,ROJAS,-34.1978359679816,-60.7028660337258,132,BUENOS AIRES,VALID
470.0,SALTO BS.AS.,-34.3019961162073,-60.2329614924521,132,BUENOS AIRES,VALID
4693.0,CHACABUCO IND.,-34.6131569126732,-60.5041778841802,132,BUENOS AIRES,VALID
109.0,CHACABUCO,-34.6550242349388,-60.4660047129664,132,BUENOS AIRES,VALID
161.0,DOLORES,-36.32817651,-57.69283636,132,BUENOS AIRES,VALID
215.0,GRAL. MADARIAGA,-37.01126475,-57.13976606,132,BUENOS AIRES,VALID
316.0,MAR DEL TUYU,-36.57611961,-56.71396875,132,BUENOS AIRES,VALID
402.0,PINAMAR,-37.09568926,-56.87965579,132,BUENOS AIRES,VALID
474.0,SAN CLEMENTE,-36.38182409,-56.71980872,132,BUENOS AIRES,VALID
563.0,VILLA GESELL,-37.24764445,-56.99718163,132,BUENOS AIRES,VALID
585.0,MAR DE AJO,-36.71979749,-56.69455494,132,BUENOS AIRES,VALID
4033.0,LAS TONINAS,-36.47388587,-56.71119053,132,BUENOS AIRES,VALID
4851.0,VALERIA DEL MAR,-37.14825385,-56.91938911,132,BUENOS AIRES,VALID
3.0,9 DE JULIO MDP,-38.04991001,-57.5475406,132,BUENOS AIRES,VALID
216.0,GRAL. PUEYRREDON,-37.99926423,-57.55118753,132,BUENOS AIRES,VALID
250.0,JARA,-37.99113233,-57.57385649,132,BUENOS AIRES,VALID
315.0,MAR DEL PLATA,-37.99608101,-57.6184909,132,BUENOS AIRES,VALID
1013.0,TERMINAL,-38.01332013,-57.54290035,132,BUENOS AIRES,VALID
4053.0,RUTA 2,-37.95087129,-57.57959324,132,BUENOS AIRES,VALID
5040.0,SUR MDP,-38.04474066,-57.59287443,132,BUENOS AIRES,VALID
5426.0,MDP INDUSTRIAL,-37.99900241,-57.66500757,132,BUENOS AIRES,VALID
5515.0,NORTE - EDEA,-37.82637879,-57.52566414,132,BUENOS AIRES,VALID
196.0,FIRMAT,-33.4554530762004,-61.5030507911767,132,LITORAL,VALID
461.0,RUFINO,-34.2621110026686,-62.6877024367912,132,LITORAL,VALID
553.0,VENADO TUERTO,-33.7774479185536,-61.9555266985655,132,LITORAL,VALID
428.0,RAFAELA OESTE,-31.256668289835,-61.5208498410539,132,LITORAL,VALID
526.0,SUNCHALES,-30.952959480514,-61.550018371397,132,LITORAL,VALID
653.0,CERES,-29.8876240806275,-61.9298407138635,132,LITORAL,VALID
1573.0,TOSTADO,-29.2349864703452,-61.7573851099036,132,LITORAL,VALID
30.0,ARRUFO,-30.2274604428085,-61.7216715988372,132,LITORAL,VALID
1633.0,RAFAELA SUR,-31.2747305351296,-61.4830784386535,132,LITORAL,VALID
2933.0,SAN GUILLERMO,-30.3691539920076,-61.9115606630674,132,LITORAL,VALID
5039.0,RENOVA,-32.58776084,-60.79646503,132,LITORAL,VALID
4830.0,TERMINAL 6,-32.6662054,-60.74271988,132,LITORAL,VALID
417.0,PTO. SAN MARTIN,-32.69679345,-60.7438875,132,LITORAL,VALID
436.0,REFISAN,-32.72869706,-60.74445728,132,LITORAL,VALID
486.0,SAN LORENZO,-32.75021302,-60.74947873,132,LITORAL,VALID
525.0,SULFACID,-32.78433883,-60.72482377,132,LITORAL,VALID
86.0,CAPITAN BERMUDEZ,-32.83092851,-60.72580694,132,LITORAL,VALID
5537.0,GDERO BAIGORRIA,-32.85123706,-60.71226901,132,LITORAL,VALID
4909.0,IBARLUCEA,-32.88226106,-60.73739773,132,LITORAL,VALID
4908.0,AEROPUERTO ROS.,-32.92135396,-60.77875376,132,LITORAL,VALID
523.0,SORRENTO,-32.9051363,-60.68197851,132,LITORAL,VALID
382.0,PCIAS. UNIDAS,-32.92928097,-60.71496831,132,LITORAL,VALID
2913.0,SCALABR. ORTIZ,-32.92821058,-60.67210894,132,LITORAL,VALID
514.0,SARMIENTO S.FE,-32.94094835,-60.63695021,132,LITORAL,VALID
457.0,ROSARIO CENTRO,-32.95674343,-60.65282275,132,LITORAL,VALID
4912.0,SAN MARTIN ROS.,-32.98801066,-60.64577112,132,LITORAL,VALID
1593.0,ECHESORTU,-32.95000311,-60.68436619,132,LITORAL,VALID
1653.0,GODOY,-32.97398493,-60.71647174,132,LITORAL,VALID
459.0,ROSARIO SUR,-32.98566742,-60.68428192,132,LITORAL,VALID
4915.0,O. LAGOS ROS.,-33.01012171,-60.67832076,132,LITORAL,VALID
466.0,SALADILLO S.FE,-32.9939071298922,-60.6221556665711,132,LITORAL,VALID
1353.0,V.G.GALVEZ,-33.01595567,-60.62330414,132,LITORAL,VALID
550.0,V. CONSTIT. IND.,-33.26156844,-60.29659703,132,LITORAL,VALID
5041.0,LAMINADOS INDUST,-33.27073635,-60.28473789,132,LITORAL,VALID
204.0,GENERAL MOTORS,-33.08833602,-60.63203184,132,LITORAL,VALID
4828.0,CARGILL,-33.05430261,-60.58580264,132,LITORAL,VALID
213.0,GRAL. LAGOS,-33.1228582137131,-60.5283569395206,132,LITORAL,VALID
673.0,V.C.RESIDENCIAL,-33.2391320615542,-60.3292329085864,132,LITORAL,VALID
484.0,SAN JUSTO S.FE,-30.7857814054608,-60.6042620624299,132,LITORAL,VALID
147.0,CRESPO STA.FE,-30.39797703,-60.42446298,132,LITORAL,VALID
479.0,SAN JAVIER S.FE,-30.58213361,-59.94366115,132,LITORAL,VALID
76.0,CALCHAQUI EPESF,-29.8921699,-60.27813222,132,LITORAL,VALID
503.0,SANTA FE OESTE,-31.63858177,-60.73506552,132,LITORAL,VALID
502.0,SANTA FE NORTE,-31.59013345,-60.69283411,132,LITORAL,VALID
629.0,SANTA FE CENTRO,-31.63422389,-60.70392182,132,LITORAL,VALID
78.0,CALCHINES,-31.64386489,-60.68918361,132,LITORAL,VALID
4914.0,PUERTO S.FE,-31.65661035,-60.70480112,132,LITORAL,VALID
434.0,RECONQUISTA S.FE,-29.1477383222296,-59.6748589586135,132,LITORAL,VALID
5199.0,AVELLANEDA S.FE,-29.1269173367831,-59.6317948980611,132,LITORAL,VALID
5142.0,CHAPERO,-29.1600550401765,-59.6445133828507,132,LITORAL,VALID
5363.0,VILLA OCAMPO SUR,-28.5159648078182,-59.3450272291623,132,LITORAL,VALID
568.0,VILLA OCAMPO,-28.503147544246,-59.3455197450522,132,LITORAL,VALID
501.0,SANTA ELENA ER,-30.9831821206952,-59.66007927659,132,LITORAL,VALID
64.0,C. DEL URUGUAY,-32.4727952157061,-58.2680072307677,132,LITORAL,VALID
500.0,SAN SALVADOR,-31.6114756477581,-58.4891551934347,132,LITORAL,VALID
1493.0,VILLAGUAY,-31.850564423002,-59.0445049189073,132,LITORAL,VALID
184.0,ESQUINA,-30.0097345306748,-59.5325699937153,132,NEA,VALID
209.0,GOYA,-29.1385668687666,-59.2272566585023,132,NEA,VALID
5429.0,GOYA OESTE,-29.1727145330599,-59.281015699601,132,NEA,VALID
5505.0,STELLA MARIS,-29.5467974959277,-59.3231270445679,132,NEA,VALID
150.0,CURUZU CUATIA,-29.7939726466886,-58.0794209031184,132,NEA,VALID
323.0,MERCEDES DPEC,-29.1811213330712,-58.0942291777492,132,NEA,VALID
5458.0,PASO TALA,-29.2452233757671,-58.7321466336151,132,NEA,VALID
5062.0,COLONIA BRUGNE,-28.0945409251951,-58.778800520965,132,NEA,VALID
5113.0,CORRIENTES ESTE,-27.4697669349977,-58.7775855579975,132,NEA,VALID
5471.0,PIRAYU,-27.322425699347,-58.5667950910766,132,NEA,VALID
103.0,CD6-CHACO,-27.4727452175848,-59.0047846212208,132,NEA,VALID
438.0,RESISTENCIA NORTE,-27.4121738865411,-58.9870032033169,132,NEA,VALID
4573.0,CD5-CHACO,-27.3990590904006,-59.0029950410902,132,NEA,VALID
5056.0,CD8 - CHACO,-27.4915371946413,-58.9455489278991,132,NEA,VALID
5078.0,LA LEONESA,-26.9897892536606,-58.8729990265628,132,NEA,VALID
5081.0,PUERTO VILELAS,-27.4991548027761,-58.9909823058056,132,NEA,VALID
5159.0,MANSILLA,-26.6541645134582,-58.6182885600508,132,NEA,VALID
5269.0,CD15 - CHACO,-27.4530273644667,-59.0284689834268,132,NEA,VALID
46.0,BARRANQUERAS,-27.4906702151604,-58.9283094648298,132,NEA,VALID
415.0,PTE. DE LA PLAZA,-27.0051862064194,-59.8583282497116,132,NEA,VALID
489.0,SAN MARTIN CHACO,-26.5583424697676,-59.3211391764427,132,NEA,VALID
5054.0,LA ESCONDIDA,-27.1338639690507,-59.471586612484,132,NEA,VALID
5457.0,PRESIDENCIA ROCA,-26.1549088191166,-59.6004542580516,132,NEA,VALID
97.0,CASTELLI CHACO,-25.9491103771234,-60.6198734024488,132,NEA,VALID
112.0,CHARATA,-27.2377728700552,-61.1946799391534,132,NEA,VALID
456.0,ROQUE SAENZ PENA,-26.815922908992,-60.4111478608131,132,NEA,VALID
560.0,VILLA ANGELA,-27.5813568452427,-60.7096624656777,132,NEA,VALID
4986.0,TRES ISLETAS,-26.3581209648558,-60.4237348027083,132,NEA,VALID
5055.0,CAMPO LARGO,-26.8396640747299,-60.8690081976975,132,NEA,VALID
5077.0,QUITILIPI,-26.876372642248,-60.2423730172172,132,NEA,VALID
5079.0,PAMPA DEL INFIER,-26.5045579358575,-61.1867566235969,132,NEA,VALID
5391.0,SAN BERNARDO CH,-27.2879028679727,-60.6694299969094,132,NEA,VALID
5570.0,LAS BREÑAS,,,132,NEA,MISSING
201.0,FORMOSA I,-26.1749921332219,-58.2093867856374,132,NEA,VALID
5127.0,FORMOSA II,-26.13710588068,-58.1947918156745,132,NEA,VALID
5424.0,FORMOSA III,-26.2039449025595,-58.2634955530704,132,NEA,VALID
404.0,PIRANE,-25.6787999435302,-59.0763358557909,132,NEA,VALID
1433.0,EL COLORADO,-26.3105894954499,-59.3479135134837,132,NEA,VALID
4843.0,LAS LOMITAS NEA,-24.7503507055793,-60.5288010190968,132,NEA,VALID
4952.0,ING. G. JUAREZ,-23.9181695700235,-61.8124123141493,132,NEA,VALID
125.0,CLORINDA,-25.3081735807678,-57.7286292904251,220,NEA,VALID
4957.0,LAGUNA BLANCA,-25.1295023918622,-58.2586795707223,132,NEA,VALID
5114.0,GUEMES FORMOSA,-24.7586192434871,-59.4925602988349,132,NEA,VALID
173.0,EL DORADO,-26.4492394899966,-54.6990516627992,132,MIS,VALID
238.0,IGUAZU,-25.619572601283,-54.5832276209201,132,MIS,VALID
4653.0,WANDA,-25.9756696284244,-54.5785575507402,132,MIS,VALID
450.0,ROCA - MISIONES,-27.2674783754646,-55.4507324995217,132,MIS,VALID
353.0,OBERA,-27.500868305592,-55.1245900799851,132,MIS,VALID
5404.0,OBERA II,-27.4473994739696,-55.0839211478251,132,MIS,VALID
366.0,P.MINERAL,-26.9429194692657,-55.0812246172744,132,MIS,VALID
1436.0,A. DEL VALLE,-27.0923715152455,-54.8631003739809,132,MIS,VALID
1437.0,SAN VICENTE,-27.018133257598,-54.4606596022007,132,MIS,VALID
255.0,LA BANDA,-27.7526734536671,-64.2662298795699,132,NOA,VALID
4900.0,LA BANDA ESTE,-27.7272063052086,-64.2200888912156,132,NOA,VALID
3353.0,SANTIAGO OESTE,-27.7986726632189,-64.2908828625901,132,NOA,VALID
508.0,SANTIAGO CENTRO,-27.8168623892766,-64.2419908341241,132,NOA,VALID
4826.0,SANTIAGO SUR,-27.8363894430962,-64.2751553379156,132,NOA,VALID
4894.0,SANTIAGO ESTE,-27.7787859644026,-64.2568646685563,132,NOA,VALID
5327.0,LA FANDET,-27.7807498642407,-64.2815666274295,132,NOA,VALID
5328.0,PRIMERA JUNTA,-27.8063782063043,-64.2620245165631,132,NOA,VALID
193.0,FERNANDEZ,-27.9088419451896,-63.8871391306624,132,NOA,VALID
527.0,SUNCHO CORRAL,-27.9480200788237,-63.4231787020838,132,NOA,VALID
21.0,AÑATUYA,-28.4448040956012,-62.855069100804,132,NOA,VALID
3398.0,BANDERA,-28.8756107596299,-62.2791290287064,132,NOA,VALID
3399.0,QUIMILI,-27.6362713017932,-62.4255435563731,132,NOA,VALID
4898.0,CAMPO GALLO,-26.6114514453223,-62.8515183786418,132,NOA,VALID
5073.0,COPO,-25.8491142064439,-62.8183783630987,132,NOA,VALID
108.0,CEVIL POZO,-26.8459105864106,-65.1375572690151,132,NOA,VALID
513.0,SARMIENTO TUCUM.,-26.81587745756,-65.2114135489393,132,NOA,VALID
544.0,TUCUMAN NORTE,-26.7909786798506,-65.2124875335514,132,NOA,VALID
545.0,TUCUMAN OESTE,-26.8103273164856,-65.263255849271,132,NOA,VALID
583.0,AVELLANEDA NOA,-26.8291964850805,-65.1949768377266,132,NOA,VALID
240.0,INDEPENDENCIA,-26.8656820386201,-65.2240955890502,132,NOA,VALID
4903.0,LULES,-26.9470688304581,-65.3391918237068,132,NOA,VALID
370.0,PAPEL DE TUCUMAN,-26.9388223730322,-65.3697979095081,132,NOA,VALID
185.0,ESTATICA,-26.8486010590403,-65.2131587214799,132,NOA,VALID
3396.0,MANANTIAL,-26.8353049878339,-65.2714020141307,132,NOA,VALID
1195.0,ANDALGALA,-27.5917992892071,-66.3032318661304,132,NOA,VALID
51.0,BELEN,-27.6794096625744,-67.0206757065595,132,NOA,VALID
536.0,TINOGASTA,-28.0481272023397,-67.5670111619803,132,NOA,VALID
202.0,FRIAS,-28.6063761199226,-65.1223674785096,132,NOA,VALID
435.0,RECREO,-29.2603963900644,-65.0574469230681,500,NOA,VALID
488.0,SAN MARTIN,-29.2265970784221,-65.7680895146486,132,NOA,VALID
99.0,CATAMARCA,-28.471020289927,-65.7639576392066,132,NOA,VALID
4933.0,VALLE VIEJO,-28.4741987731646,-65.7107515838065,132,NOA,VALID
4996.0,PANTANILLO,-28.5389277777778,-65.7948051788139,132,NOA,VALID
377.0,PQUE INDUSTRIAL SALTA,-24.8203952650224,-65.377785522305,132,NOA,VALID
467.0,SALTA SUR,-24.802126168453,-65.4297341354356,132,NOA,VALID
468.0,SALTA NORTE,-24.7422310679944,-65.3982754550894,132,NOA,VALID
1196.0,SALTA ESTE,-24.8417992156863,-65.4195894392819,132,NOA,VALID
5361.0,SAN AGUSTIN,-24.9794959086329,-65.4260874016168,132,NOA,VALID
287.0,LIBERTADOR,-23.8221608167442,-64.7851859690269,132,NOA,VALID
5347.0,CAIMANCITO,-23.732735960737,-64.6144258544822,132,NOA,VALID
395.0,PICHANAL,-23.3118930741095,-64.2116225891682,132,NOA,VALID
4827.0,A. SARAVIA,-24.355250034608,-63.9775864867176,132,NOA,VALID
5223.0,LA ESTRELLA,-23.8268893762507,-64.0626528052785,132,NOA,VALID
248.0,J.V. GONZALES,-25.1028869837327,-64.1446383572783,132,NOA,VALID
357.0,ORAN,-23.1418247581121,-64.3216289088716,132,NOA,VALID
4971.0,TABACAL,-23.2533519341199,-64.2423012035616,132,NOA,VALID
532.0,TARTAGAL,-22.5409911696983,-63.8058151912999,132,NOA,VALID
5094.0,SENDA HACHADA,-23.023045798428,-63.9115446862164,132,NOA,VALID
5095.0,DRAGONES,-23.2475608193341,-63.3506121185632,132,NOA,VALID
205.0,GENERAL PICO,-35.6559232826073,-63.7414135265158,132,COMAHUE,VALID
432.0,REALICO,-35.0546534947737,-64.2446163022318,132,COMAHUE,VALID
506.0,SANTA ROSA LP,-36.6021887431427,-64.2474132188735,132,COMAHUE,VALID
4904.0,MAURICIO MAYER,-36.1768564525563,-64.0512385431923,132,COMAHUE,VALID
5103.0,SANTA ROSA SUR,-36.6677291803964,-64.2911981509263,132,COMAHUE,VALID
122.0,CIPOLLETTI,-38.9133518351355,-67.9428174274221,132,COMAHUE,VALID
570.0,VILLA REGINA,-39.087939894672,-67.0885567743435,132,COMAHUE,VALID
5436.0,ING CIPOLLETTI,-38.9256160145943,-68.0105877559873,132,COMAHUE,VALID
104.0,CENTENARIO,-38.8381111054747,-68.1382396838506,132,COMAHUE,VALID
220.0,GRAN NEUQUÉN,-38.9287382876954,-68.1054750768945,132,COMAHUE,VALID
129.0,COLONIA VALENTINA,-38.9226874050089,-68.1981668957491,132,COMAHUE,VALID
4987.0,NEUQUÉN NORTE,-38.930828722716,-68.0708835122101,132,COMAHUE,VALID
320.0,MEDANITO,-37.9899100993576,-67.9402729213704,132,COMAHUE,VALID
115.0,CHIHUIDO,-37.3309069452681,-69.2773229159958,132,COMAHUE,VALID
120.0,CHOS MALAL,-37.374987172252,-70.2615605579065,132,COMAHUE,VALID
195.0,FILO MORADO,-37.2738910920828,-69.6520378791246,132,COMAHUE,VALID
369.0,PAMPA TRILL,-37.2967716925878,-69.8335299922448,132,COMAHUE,VALID
416.0,PUESTO HERNANDEZ,-37.2869129552188,-69.0727884430466,132,COMAHUE,VALID
3333.0,EL TRAPIAL,-37.3679293572827,-69.2784826052912,132,COMAHUE,VALID
4962.0,RINCON DE LOS SAUCES,-37.4114661995657,-68.8990349196285,132,COMAHUE,VALID
576.0,ZAPALA,-38.8881825307556,-70.0346339397335,132,COMAHUE,VALID
43.0,BARILOCHE,-41.1591048364126,-71.2518593227008,132,COMAHUE,VALID
401.0,PILCANIYEU,-41.1924515711608,-70.8652073260788,132,COMAHUE,VALID
635.0,SAN ANTONIO OESTE,-40.7453501886763,-65.0696040660869,132,COMAHUE,VALID
648.0,VIEDMA,-40.8330021315463,-62.9908716460832,132,COMAHUE,VALID
