year,demand_local_gwh,exports_gwh,pumping_gwh,losses_gwh,demand_total_gwh,large_hydro_gwh,thermal_gwh,nuclear_gwh,law_renewables_gwh,local_generation_gwh,imports_gwh,supply_total_gwh,balance_residual_gwh,balance_residual_ppm,renewable_coverage,thermal_emissions_mt,local_intensity_kg_per_mwh,supply_boundary_intensity_kg_per_mwh,published_total_utilization,recomputed_local_utilization
2005,92387.47199999998,1361.7700720000003,432.0,3978.7222120000215,98159.964284,37891.92814,51350.65098,6374.35893,1321.346224,96938.284274,1221.68001,98159.964284,0.0,0.0,0.014302222968066495,24.797638642925474,255.8085159918236,252.6247724701696,0.6227970333127996,0.6150458213860694
2006,97595.0,2099.8471229999996,348.0,4584.426740999988,104627.27386399999,41079.955942,53928.208461,7153.182466,1907.0440820000001,104068.390951,558.8829130000001,104627.27386399999,0.0,0.0,0.019540387130488245,28.20772186101043,271.0498509993478,269.60199591624934,0.6262292405835466,0.6228841393565181
2007,102969.00000000001,577.7079199999998,571.0,4364.3112819999815,108482.019202,35426.19450400001,61012.33341,6720.685791,1863.8054969999998,105023.019202,3458.920303,108481.939505,-0.07969699999375734,-0.7346568503237726,0.0181006467674737,32.80173502711295,312.3290044063815,302.37046993062927,0.6571750781543196,0.636221210341615
2008,105976.64323700001,1618.4803210000002,536.532224,4250.686062000013,112382.34184400001,35121.277183000006,66876.78845400001,6849.44179,1760.6652729999996,110608.17270000002,1774.169144,112382.34184400002,1.4551915228366852e-11,1.29485780324516e-10,0.016613710523577824,37.1030978734569,335.446260142917,330.15060252935814,0.6667658819107739,0.6562397135239277
2009,104656.70064499998,1292.125263,714.2328190000001,4226.386992000035,110889.445719,38799.471680999995,61362.89719300001,7588.7033839999995,1542.81067,109293.882928,1595.562791,110889.44571900001,1.4551915228366852e-11,1.3122903747974547e-10,0.014741632981850633,34.12859294935443,312.26443818303596,307.7713368307221,0.6092731713595001,0.6005064794938086
2010,110775.67740800005,361.454784,554.209552,4043.8745879999497,115735.216332,38799.160307,66391.572679,6691.63827,1501.8096349999998,113384.180891,2351.0354409999995,115735.216332,0.0,0.0,0.013557214635381155,36.191229947588994,319.1911751991297,312.70715253834425,0.6282701050742339,0.615507479052841
2011,116506.95494999997,264.93749,566.201091,3895.7560150000854,121233.84954600004,38083.56575900007,73474.972681,5892.363495,1370.7022570000001,118821.60419200006,2412.245354,121233.84954600006,1.4551915228366852e-11,1.2003178388594668e-10,0.01176498225010043,40.63500210656254,341.9832814317313,335.1786836657719,0.6261315561231827,0.6136731301727815
2012,121192.12629599999,279.592116,722.764116,3532.612553000034,125727.09508100002,35172.541903000005,82331.443788,5904.082555,1973.7217509999998,125381.78999700001,345.305084,125727.09508100002,0.0,0.0,0.016285890934691388,43.60653464500183,347.7900151692299,346.8348220159561,0.6063395696130569,0.6046742791211156
2013,125238.54622599989,0.438723,499.689229,4081.768958000112,129820.443136,39055.56412099999,82711.587689,5732.493447999999,1978.489054,129478.134312,342.3088240000001,129820.443136,0.0,0.0,0.015797764455279664,43.246949802132704,334.0096768611269,333.1289645716828,0.6239525854669449,0.6223073555585922
2014,126467.08000499997,5.68599,485.18030300000004,4245.528828000067,131203.47512600003,39206.70038000001,83048.177488,5257.727446000001,2301.224037,129813.82935100002,1389.645775,131203.47512600003,0.0,0.0,0.018196229697950008,43.78455571501268,337.28729777029247,333.7149086406788,0.6137259609142317,0.6072256629017496
2015,132109.619306,55.420548000000004,578.1123240000001,4127.330713999992,136870.48289199997,39840.35617500001,86346.962149,6518.524684000001,2510.002988,135215.845996,1654.636896,136870.482892,2.9103830456733704e-11,2.1263774220551688e-10,0.018999396116540043,46.14386808800472,341.26080229805143,337.135276452669,0.6197307005109417,0.6122387324767641
2016,133110.79462500024,327.231837,464.75569,4166.78782199977,138069.569974,36191.961047,90098.587675,7677.292339,2631.839751,136599.680812,1469.8891619999997,138069.569974,0.0,0.0,0.01977179806051357,46.89331442067398,343.29007316797845,339.6354057559859,0.6177170870959174,0.6111408686599834
2017,132530.21963199996,69.226651,400.69981999999993,4198.435839000055,137198.58194200002,39584.001327000005,88529.71855,5716.2278719999995,2634.750738,136464.69848700002,733.8834549999999,137198.58194200002,0.0,0.0,0.019880377059028346,42.71964429683773,313.04538661262137,311.3708880380209,0.5694189341320739,0.5663730780539117
2018,133009.924433,280.30169200000006,282.455337,4252.689239999978,137825.370702,39951.65359,87727.03521700001,6452.917816,3350.2279380000004,137481.834561,343.53614100000004,137825.370702,0.0,0.0,0.025187804235522162,40.81831845783524,296.8997219754466,296.15968562196605,0.5138161576498526,0.5125354470006925
2019,128946.058016,261.182016,409.2923819999999,4376.384092999992,133992.916507,35370.1581,80137.202966,7927.0774630000005,7812.137749,131246.576278,2746.340229,133992.916507,0.0,0.0,0.06058454108019842,35.71935903109475,272.1545966687601,266.57647256471733,0.479603155952789,0.4697731330270645
2020,127306.937851,3088.920078,587.6108,4397.051299999924,135380.52002899992,29093.030599999995,82335.80538299994,10010.880095,12737.160799999998,134176.87687799992,1203.643151,135380.52002899992,0.0,0.0,0.10005079860539547,36.99181698634239,275.6944255005811,273.24327738154915,0.46645030875483656,0.4623031853777485
2021,133877.486513,3849.8440589999823,536.4381920000037,4352.194962999995,142615.963727,24116.234107000007,90074.351489,10169.693915000003,17436.698529,141796.97804000002,818.9856869999999,142615.96372700002,2.9103830456733704e-11,2.0407133743067623e-10,0.1302436950615056,41.73225147478968,294.3098791782239,292.61977680615666,0.4925395453245224,0.4897110903089643
2022,138775.23340400006,31.271412,809.9094650000021,5440.177003999989,145056.59128500006,30186.324776,81750.89325499997,7469.153758,19340.231873999986,138746.60366299996,6309.987622,145056.59128499994,-1.1641532182693481e-10,-8.025510650405938e-10,0.13936371353595234,39.61656315273717,285.53176875566186,273.11108583063645,0.5152357852588418,0.4928229366002995
2023,140883.538343,97.7049229999999,817.700803,5842.483351000003,147641.42742000002,39331.815755999996,73020.09551000007,8963.021652999998,20085.93428200001,141400.86720100007,6240.560219,147641.42742000008,5.820766091346741e-11,3.9425019068585875e-10,0.14257119403899476,34.04079128331114,240.7396217374145,230.56395402134834,0.5276944158732481,0.5053896411427855
2024,140219.40169500012,970.100486,545.3853799999999,5056.875385,146791.76294600012,33424.040586,75388.19450199987,10449.015390000002,22876.61856999999,142137.86904799985,4653.892988,146791.76203599985,-0.0009100002644117922,-0.0061992597662845665,0.16314873900090043,33.65079655120996,236.74758019515622,229.24172368036082,0.5284480828159465,0.5116941397265786
2025,141252.2905739998,508.5871709999999,522.0300609999999,4813.437545,147096.3453509998,30144.156356,75224.68757299993,10760.574497,26663.247731000003,142792.66615699994,4303.789365,147096.45552199995,0.11017100015305914,0.7489711411610582,0.18876329454658689,32.225603630240016,225.68108361257222,219.07804315121862,0.531337152592985,0.5157911411106277
