country,year,electricity_generation,renewables_electricity,renewables_share_elec,low_carbon_share_elec,wind_share_elec,solar_share_elec,hydro_share_elec,upstream_commit,retrieved,hydro_electricity_twh,wind_electricity_twh,solar_electricity_twh,other_renewables_electricity_twh,nuclear_electricity_twh,fossil_electricity_twh,fossil_share_elec,demand_or_offer_twh,net_imports_twh,demand_offer_and_exchange_status,derived_components_note,series_role,country_es,rounding_residual_twh,rounding_residual_definition,structural_zero_rule
Argentina,2018,146.780000000000,35.220000000000,23.995000000000,28.676000000000,0.961000000000,0.075000000000,21.992000000000,7e387a16f70a510e433f8aac7efeac6faa1e5059,2026-08-10,32.279857600000,1.410555800000,0.110085000000,1.419501600000,6.870632800000,104.689367200000,71.324000000000,,,no armonizados en el extracto común; sólo endpoints oficiales cuando están disponibles,TWh por fuente derivados de generación total × participación; otras renovables y nuclear son cierres algebraicos de la frontera OWID/Ember,harmonized secondary trajectory; not official national frontier,Argentina,0.000000000000,signed algebraic closure from rounded published shares; not a physical source,COUNTRY_PHYSICAL_SERIES_RETAINED
Argentina,2019,139.530000000000,34.780000000000,24.927000000000,30.975000000000,3.583000000000,0.573000000000,19.709000000000,7e387a16f70a510e433f8aac7efeac6faa1e5059,2026-08-10,27.499967700000,4.999359900000,0.799506900000,1.481165500000,8.439417500000,96.310582500000,69.025000000000,,,no armonizados en el extracto común; sólo endpoints oficiales cuando están disponibles,TWh por fuente derivados de generación total × participación; otras renovables y nuclear son cierres algebraicos de la frontera OWID/Ember,harmonized secondary trajectory; not official national frontier,Argentina,0.000000000000,signed algebraic closure from rounded published shares; not a physical source,COUNTRY_PHYSICAL_SERIES_RETAINED
Argentina,2020,144.640000000000,36.620000000000,25.318000000000,32.239000000000,6.506000000000,0.926000000000,16.365000000000,7e387a16f70a510e433f8aac7efeac6faa1e5059,2026-08-10,23.670336000000,9.410278400000,1.339366400000,2.200019200000,10.010489600000,98.009510400000,67.761000000000,,,no armonizados en el extracto común; sólo endpoints oficiales cuando están disponibles,TWh por fuente derivados de generación total × participación; otras renovables y nuclear son cierres algebraicos de la frontera OWID/Ember,harmonized secondary trajectory; not official national frontier,Argentina,0.000000000000,signed algebraic closure from rounded published shares; not a physical source,COUNTRY_PHYSICAL_SERIES_RETAINED
Argentina,2021,153.150000000000,37.040000000000,24.185000000000,30.826000000000,8.449000000000,1.437000000000,12.831000000000,7e387a16f70a510e433f8aac7efeac6faa1e5059,2026-08-10,19.650676500000,12.939643500000,2.200765500000,2.248914500000,10.170019000000,105.939981000000,69.174000000000,,,no armonizados en el extracto común; sólo endpoints oficiales cuando están disponibles,TWh por fuente derivados de generación total × participación; otras renovables y nuclear son cierres algebraicos de la frontera OWID/Ember,harmonized secondary trajectory; not official national frontier,Argentina,0.000000000000,signed algebraic closure from rounded published shares; not a physical source,COUNTRY_PHYSICAL_SERIES_RETAINED
Argentina,2022,145.610000000000,42.270000000000,29.030000000000,34.160000000000,9.725000000000,2.019000000000,15.638000000000,7e387a16f70a510e433f8aac7efeac6faa1e5059,2026-08-10,22.770491800000,14.160572500000,2.939865900000,2.399069800000,7.470376000000,95.869624000000,65.840000000000,,,no armonizados en el extracto común; sólo endpoints oficiales cuando están disponibles,TWh por fuente derivados de generación total × participación; otras renovables y nuclear son cierres algebraicos de la frontera OWID/Ember,harmonized secondary trajectory; not official national frontier,Argentina,0.000000000000,signed algebraic closure from rounded published shares; not a physical source,COUNTRY_PHYSICAL_SERIES_RETAINED
Argentina,2023,148.560000000000,51.650000000000,34.767000000000,40.798000000000,9.747000000000,2.208000000000,21.197000000000,7e387a16f70a510e433f8aac7efeac6faa1e5059,2026-08-10,31.490263200000,14.480143200000,3.280204800000,2.399388800000,8.959508800000,87.950491200000,59.202000000000,,,no armonizados en el extracto común; sólo endpoints oficiales cuando están disponibles,TWh por fuente derivados de generación total × participación; otras renovables y nuclear son cierres algebraicos de la frontera OWID/Ember,harmonized secondary trajectory; not official national frontier,Argentina,0.000000000000,signed algebraic closure from rounded published shares; not a physical source,COUNTRY_PHYSICAL_SERIES_RETAINED
Argentina,2024,152.510000000000,52.440000000000,34.385000000000,41.237000000000,10.603000000000,2.603000000000,19.454000000000,7e387a16f70a510e433f8aac7efeac6faa1e5059,2026-08-10,29.669295400000,16.170635300000,3.969835300000,2.630234000000,10.450548700000,89.619451300000,58.763000000000,,,no armonizados en el extracto común; sólo endpoints oficiales cuando están disponibles,TWh por fuente derivados de generación total × participación; otras renovables y nuclear son cierres algebraicos de la frontera OWID/Ember,harmonized secondary trajectory; not official national frontier,Argentina,0.000000000000,signed algebraic closure from rounded published shares; not a physical source,COUNTRY_PHYSICAL_SERIES_RETAINED
Argentina,2025,153.150000000000,52.960000000000,34.580000000000,41.606000000000,12.158000000000,3.356000000000,17.140000000000,7e387a16f70a510e433f8aac7efeac6faa1e5059,2026-08-10,26.249910000000,18.619977000000,5.139714000000,2.950399000000,10.759589000000,89.430411000000,58.394000000000,,,no armonizados en el extracto común; sólo endpoints oficiales cuando están disponibles,TWh por fuente derivados de generación total × participación; otras renovables y nuclear son cierres algebraicos de la frontera OWID/Ember,harmonized secondary trajectory; not official national frontier,Argentina,0.000000000000,signed algebraic closure from rounded published shares; not a physical source,COUNTRY_PHYSICAL_SERIES_RETAINED
Brazil,2018,601.390000000000,495.290000000000,82.358000000000,84.963000000000,8.061000000000,0.575000000000,64.678000000000,7e387a16f70a510e433f8aac7efeac6faa1e5059,2026-08-10,388.967024200000,48.478047900000,3.457992500000,54.386935400000,15.668985700000,90.431014300000,15.037000000000,,,no armonizados en el extracto común; sólo endpoints oficiales cuando están disponibles,TWh por fuente derivados de generación total × participación; otras renovables y nuclear son cierres algebraicos de la frontera OWID/Ember,harmonized secondary trajectory; not official national frontier,Brasil,0.000000000000,signed algebraic closure from rounded published shares; not a physical source,COUNTRY_PHYSICAL_SERIES_RETAINED
Brazil,2019,633.330000000000,515.440000000000,81.386000000000,83.933000000000,8.841000000000,1.050000000000,62.823000000000,7e387a16f70a510e433f8aac7efeac6faa1e5059,2026-08-10,397.876905900000,55.992705300000,6.649965000000,54.920423800000,16.132868900000,101.757131100000,16.067000000000,,,no armonizados en el extracto común; sólo endpoints oficiales cuando están disponibles,TWh por fuente derivados de generación total × participación; otras renovables y nuclear son cierres algebraicos de la frontera OWID/Ember,harmonized secondary trajectory; not official national frontier,Brasil,0.000000000000,signed algebraic closure from rounded published shares; not a physical source,COUNTRY_PHYSICAL_SERIES_RETAINED
Brazil,2020,628.760000000000,522.920000000000,83.167000000000,85.401000000000,9.073000000000,1.710000000000,63.042000000000,7e387a16f70a510e433f8aac7efeac6faa1e5059,2026-08-10,396.382879200000,57.047394800000,10.751796000000,58.737930000000,14.047327600000,91.792672400000,14.599000000000,,,no armonizados en el extracto común; sólo endpoints oficiales cuando están disponibles,TWh por fuente derivados de generación total × participación; otras renovables y nuclear son cierres algebraicos de la frontera OWID/Ember,harmonized secondary trajectory; not official national frontier,Brasil,0.000000000000,signed algebraic closure from rounded published shares; not a physical source,COUNTRY_PHYSICAL_SERIES_RETAINED
Brazil,2021,656.400000000000,507.870000000000,77.372000000000,79.612000000000,11.013000000000,2.552000000000,55.274000000000,7e387a16f70a510e433f8aac7efeac6faa1e5059,2026-08-10,362.818536000000,72.289332000000,16.751328000000,56.010804000000,14.703168000000,133.826832000000,20.388000000000,,,no armonizados en el extracto común; sólo endpoints oficiales cuando están disponibles,TWh por fuente derivados de generación total × participación; otras renovables y nuclear son cierres algebraicos de la frontera OWID/Ember,harmonized secondary trajectory; not official national frontier,Brasil,0.000000000000,signed algebraic closure from rounded published shares; not a physical source,COUNTRY_PHYSICAL_SERIES_RETAINED
Brazil,2022,677.160000000000,593.890000000000,87.703000000000,89.853000000000,12.055000000000,4.449000000000,63.074000000000,7e387a16f70a510e433f8aac7efeac6faa1e5059,2026-08-10,427.111898400000,81.631638000000,30.126848400000,55.019615200000,14.558574800000,68.711425200000,10.147000000000,,,no armonizados en el extracto común; sólo endpoints oficiales cuando están disponibles,TWh por fuente derivados de generación total × participación; otras renovables y nuclear son cierres algebraicos de la frontera OWID/Ember,harmonized secondary trajectory; not official national frontier,Brasil,0.000000000000,signed algebraic closure from rounded published shares; not a physical source,COUNTRY_PHYSICAL_SERIES_RETAINED
Brazil,2023,708.120000000000,630.190000000000,88.995000000000,91.042000000000,13.529000000000,7.150000000000,60.159000000000,7e387a16f70a510e433f8aac7efeac6faa1e5059,2026-08-10,425.997910800000,95.801554800000,50.630580000000,57.759954400000,14.496610400000,63.433389600000,8.958000000000,,,no armonizados en el extracto común; sólo endpoints oficiales cuando están disponibles,TWh por fuente derivados de generación total × participación; otras renovables y nuclear son cierres algebraicos de la frontera OWID/Ember,harmonized secondary trajectory; not official national frontier,Brasil,0.000000000000,signed algebraic closure from rounded published shares; not a physical source,COUNTRY_PHYSICAL_SERIES_RETAINED
Brazil,2024,745.720000000000,651.260000000000,87.333000000000,89.449000000000,14.548000000000,9.564000000000,55.411000000000,7e387a16f70a510e433f8aac7efeac6faa1e5059,2026-08-10,413.210909200000,108.487345600000,71.320660800000,58.241084400000,15.779082800000,78.680917200000,10.551000000000,,,no armonizados en el extracto común; sólo endpoints oficiales cuando están disponibles,TWh por fuente derivados de generación total × participación; otras renovables y nuclear son cierres algebraicos de la frontera OWID/Ember,harmonized secondary trajectory; not official national frontier,Brasil,0.000000000000,signed algebraic closure from rounded published shares; not a physical source,COUNTRY_PHYSICAL_SERIES_RETAINED
Brazil,2025,750.530000000000,649.970000000000,86.601000000000,88.716000000000,15.666000000000,11.810000000000,51.781000000000,7e387a16f70a510e433f8aac7efeac6faa1e5059,2026-08-10,388.631939300000,117.578029800000,88.637593000000,55.122437900000,15.870194800000,84.689805200000,11.284000000000,,,no armonizados en el extracto común; sólo endpoints oficiales cuando están disponibles,TWh por fuente derivados de generación total × participación; otras renovables y nuclear son cierres algebraicos de la frontera OWID/Ember,harmonized secondary trajectory; not official national frontier,Brasil,-0.000000000000,signed algebraic closure from rounded published shares; not a physical source,COUNTRY_PHYSICAL_SERIES_RETAINED
Chile,2018,81.760000000000,37.500000000000,45.866000000000,45.866000000000,4.379000000000,6.262000000000,28.009000000000,7e387a16f70a510e433f8aac7efeac6faa1e5059,2026-08-10,22.900158400000,3.580270400000,5.119811200000,5.899760000000,0.000000000000,44.259958400000,54.134000000000,,,no armonizados en el extracto común; sólo endpoints oficiales cuando están disponibles,TWh por fuente derivados de generación total × participación; otras renovables y nuclear son cierres algebraicos de la frontera OWID/Ember,harmonized secondary trajectory; not official national frontier,Chile,0.000041600000,signed algebraic closure from rounded published shares; not a physical source,NUCLEAR_EXACT_ZERO_NON_NUCLEAR_COUNTRY
Chile,2019,83.980000000000,38.810000000000,46.213000000000,46.213000000000,5.823000000000,7.502000000000,26.232000000000,7e387a16f70a510e433f8aac7efeac6faa1e5059,2026-08-10,22.029633600000,4.890155400000,6.300179600000,5.590031400000,0.000000000000,45.170322600000,53.787000000000,,,no armonizados en el extracto común; sólo endpoints oficiales cuando están disponibles,TWh por fuente derivados de generación total × participación; otras renovables y nuclear son cierres algebraicos de la frontera OWID/Ember,harmonized secondary trajectory; not official national frontier,Chile,-0.000322600000,signed algebraic closure from rounded published shares; not a physical source,NUCLEAR_EXACT_ZERO_NON_NUCLEAR_COUNTRY
Chile,2020,83.580000000000,40.490000000000,48.445000000000,48.445000000000,6.640000000000,9.009000000000,26.238000000000,7e387a16f70a510e433f8aac7efeac6faa1e5059,2026-08-10,21.929720400000,5.549712000000,7.529722200000,5.480845400000,0.000000000000,43.089669000000,51.555000000000,,,no armonizados en el extracto común; sólo endpoints oficiales cuando están disponibles,TWh por fuente derivados de generación total × participación; otras renovables y nuclear son cierres algebraicos de la frontera OWID/Ember,harmonized secondary trajectory; not official national frontier,Chile,0.000331000000,signed algebraic closure from rounded published shares; not a physical source,NUCLEAR_EXACT_ZERO_NON_NUCLEAR_COUNTRY
Chile,2021,88.100000000000,43.070000000000,48.888000000000,48.888000000000,8.649000000000,11.986000000000,21.521000000000,7e387a16f70a510e433f8aac7efeac6faa1e5059,2026-08-10,18.960001000000,7.619769000000,10.559666000000,5.930564000000,0.000000000000,45.029672000000,51.112000000000,,,no armonizados en el extracto común; sólo endpoints oficiales cuando están disponibles,TWh por fuente derivados de generación total × participación; otras renovables y nuclear son cierres algebraicos de la frontera OWID/Ember,harmonized secondary trajectory; not official national frontier,Chile,0.000328000000,signed algebraic closure from rounded published shares; not a physical source,NUCLEAR_EXACT_ZERO_NON_NUCLEAR_COUNTRY
Chile,2022,91.040000000000,50.370000000000,55.327000000000,55.327000000000,9.754000000000,17.256000000000,22.715000000000,7e387a16f70a510e433f8aac7efeac6faa1e5059,2026-08-10,20.679736000000,8.880041600000,15.709862400000,5.100360000000,0.000000000000,40.670299200000,44.673000000000,,,no armonizados en el extracto común; sólo endpoints oficiales cuando están disponibles,TWh por fuente derivados de generación total × participación; otras renovables y nuclear son cierres algebraicos de la frontera OWID/Ember,harmonized secondary trajectory; not official national frontier,Chile,-0.000299200000,signed algebraic closure from rounded published shares; not a physical source,NUCLEAR_EXACT_ZERO_NON_NUCLEAR_COUNTRY
Chile,2023,89.230000000000,56.340000000000,63.140000000000,63.140000000000,10.602000000000,20.105000000000,26.112000000000,7e387a16f70a510e433f8aac7efeac6faa1e5059,2026-08-10,23.299737600000,9.460164600000,17.939691500000,5.640406300000,0.000000000000,32.890178000000,36.860000000000,,,no armonizados en el extracto común; sólo endpoints oficiales cuando están disponibles,TWh por fuente derivados de generación total × participación; otras renovables y nuclear son cierres algebraicos de la frontera OWID/Ember,harmonized secondary trajectory; not official national frontier,Chile,-0.000178000000,signed algebraic closure from rounded published shares; not a physical source,NUCLEAR_EXACT_ZERO_NON_NUCLEAR_COUNTRY
Chile,2024,88.620000000000,62.070000000000,70.041000000000,70.041000000000,11.769000000000,22.783000000000,29.339000000000,7e387a16f70a510e433f8aac7efeac6faa1e5059,2026-08-10,26.000221800000,10.429687800000,20.190294600000,5.449795800000,0.000000000000,26.549665800000,29.959000000000,,,no armonizados en el extracto común; sólo endpoints oficiales cuando están disponibles,TWh por fuente derivados de generación total × participación; otras renovables y nuclear son cierres algebraicos de la frontera OWID/Ember,harmonized secondary trajectory; not official national frontier,Chile,0.000334200000,signed algebraic closure from rounded published shares; not a physical source,NUCLEAR_EXACT_ZERO_NON_NUCLEAR_COUNTRY
Chile,2025,88.500000000000,58.740000000000,66.373000000000,66.373000000000,13.085000000000,25.062000000000,22.237000000000,7e387a16f70a510e433f8aac7efeac6faa1e5059,2026-08-10,19.679745000000,11.580225000000,22.179870000000,5.300160000000,0.000000000000,29.759895000000,33.627000000000,,,no armonizados en el extracto común; sólo endpoints oficiales cuando están disponibles,TWh por fuente derivados de generación total × participación; otras renovables y nuclear son cierres algebraicos de la frontera OWID/Ember,harmonized secondary trajectory; not official national frontier,Chile,0.000105000000,signed algebraic closure from rounded published shares; not a physical source,NUCLEAR_EXACT_ZERO_NON_NUCLEAR_COUNTRY
Uruguay,2018,14.610000000000,14.250000000000,97.536000000000,97.536000000000,32.375000000000,2.806000000000,44.901000000000,7e387a16f70a510e433f8aac7efeac6faa1e5059,2026-08-10,6.560036100000,4.729987500000,0.409956600000,2.550019800000,0.000000000000,0.359990400000,2.464000000000,,,no armonizados en el extracto común; sólo endpoints oficiales cuando están disponibles,TWh por fuente derivados de generación total × participación; otras renovables y nuclear son cierres algebraicos de la frontera OWID/Ember,harmonized secondary trajectory; not official national frontier,Uruguay,0.000009600000,signed algebraic closure from rounded published shares; not a physical source,NUCLEAR_EXACT_ZERO_NON_NUCLEAR_COUNTRY
Uruguay,2019,16.070000000000,15.790000000000,98.258000000000,98.258000000000,29.558000000000,2.614000000000,50.467000000000,7e387a16f70a510e433f8aac7efeac6faa1e5059,2026-08-10,8.110046900000,4.749970600000,0.420069800000,2.509912700000,0.000000000000,0.279939400000,1.742000000000,,,no armonizados en el extracto común; sólo endpoints oficiales cuando están disponibles,TWh por fuente derivados de generación total × participación; otras renovables y nuclear son cierres algebraicos de la frontera OWID/Ember,harmonized secondary trajectory; not official national frontier,Uruguay,0.000060600000,signed algebraic closure from rounded published shares; not a physical source,NUCLEAR_EXACT_ZERO_NON_NUCLEAR_COUNTRY
Uruguay,2020,13.570000000000,12.760000000000,94.031000000000,94.031000000000,40.383000000000,3.390000000000,30.140000000000,7e387a16f70a510e433f8aac7efeac6faa1e5059,2026-08-10,4.089998000000,5.479973100000,0.460023000000,2.730005900000,0.000000000000,0.809993300000,5.969000000000,,,no armonizados en el extracto común; sólo endpoints oficiales cuando están disponibles,TWh por fuente derivados de generación total × participación; otras renovables y nuclear son cierres algebraicos de la frontera OWID/Ember,harmonized secondary trajectory; not official national frontier,Uruguay,0.000006700000,signed algebraic closure from rounded published shares; not a physical source,NUCLEAR_EXACT_ZERO_NON_NUCLEAR_COUNTRY
Uruguay,2021,15.990000000000,13.530000000000,84.615000000000,84.615000000000,31.207000000000,3.002000000000,32.958000000000,7e387a16f70a510e433f8aac7efeac6faa1e5059,2026-08-10,5.269984200000,4.989999300000,0.480019800000,2.789996700000,0.000000000000,2.460061500000,15.385000000000,,,no armonizados en el extracto común; sólo endpoints oficiales cuando están disponibles,TWh por fuente derivados de generación total × participación; otras renovables y nuclear son cierres algebraicos de la frontera OWID/Ember,harmonized secondary trajectory; not official national frontier,Uruguay,-0.000061500000,signed algebraic closure from rounded published shares; not a physical source,NUCLEAR_EXACT_ZERO_NON_NUCLEAR_COUNTRY
Uruguay,2022,14.860000000000,13.490000000000,90.781000000000,90.781000000000,32.167000000000,3.365000000000,38.291000000000,7e387a16f70a510e433f8aac7efeac6faa1e5059,2026-08-10,5.690042600000,4.780016200000,0.500039000000,2.519902200000,0.000000000000,1.369943400000,9.219000000000,,,no armonizados en el extracto común; sólo endpoints oficiales cuando están disponibles,TWh por fuente derivados de generación total × participación; otras renovables y nuclear son cierres algebraicos de la frontera OWID/Ember,harmonized secondary trajectory; not official national frontier,Uruguay,0.000056600000,signed algebraic closure from rounded published shares; not a physical source,NUCLEAR_EXACT_ZERO_NON_NUCLEAR_COUNTRY
Uruguay,2023,12.820000000000,11.850000000000,92.434000000000,92.434000000000,37.129000000000,3.822000000000,27.457000000000,7e387a16f70a510e433f8aac7efeac6faa1e5059,2026-08-10,3.519987400000,4.759937800000,0.489980400000,3.080094400000,0.000000000000,0.969961200000,7.566000000000,,,no armonizados en el extracto común; sólo endpoints oficiales cuando están disponibles,TWh por fuente derivados de generación total × participación; otras renovables y nuclear son cierres algebraicos de la frontera OWID/Ember,harmonized secondary trajectory; not official national frontier,Uruguay,0.000038800000,signed algebraic closure from rounded published shares; not a physical source,NUCLEAR_EXACT_ZERO_NON_NUCLEAR_COUNTRY
Uruguay,2024,13.370000000000,13.220000000000,98.878000000000,98.878000000000,38.594000000000,4.188000000000,33.657000000000,7e387a16f70a510e433f8aac7efeac6faa1e5059,2026-08-10,4.499940900000,5.160017800000,0.559935600000,3.000105700000,0.000000000000,0.150011400000,1.122000000000,,,no armonizados en el extracto común; sólo endpoints oficiales cuando están disponibles,TWh por fuente derivados de generación total × participación; otras renovables y nuclear son cierres algebraicos de la frontera OWID/Ember,harmonized secondary trajectory; not official national frontier,Uruguay,-0.000011400000,signed algebraic closure from rounded published shares; not a physical source,NUCLEAR_EXACT_ZERO_NON_NUCLEAR_COUNTRY
Uruguay,2025,11.940000000000,11.680000000000,97.822000000000,97.822000000000,40.620000000000,5.109000000000,27.219000000000,7e387a16f70a510e433f8aac7efeac6faa1e5059,2026-08-10,3.249948600000,4.850028000000,0.610014600000,2.970008800000,0.000000000000,0.260053200000,2.178000000000,,,no armonizados en el extracto común; sólo endpoints oficiales cuando están disponibles,TWh por fuente derivados de generación total × participación; otras renovables y nuclear son cierres algebraicos de la frontera OWID/Ember,harmonized secondary trajectory; not official national frontier,Uruguay,-0.000053200000,signed algebraic closure from rounded published shares; not a physical source,NUCLEAR_EXACT_ZERO_NON_NUCLEAR_COUNTRY
